"41241KSP900";"A10368"
"91071KSP901";"A10368"
"12191KVY900";"A10367"
"12191K44V00";"A10367"
"131A3KRM305";"A10366"
"13103K36T00";"A10366"
"13103K44V00";"A10366"
"131A2KRM305";"A10366"
"13031K59A10";"A10366"
"13115GN5911";"A10366"
"ACG10GR";"A10365"
"37800KWWA81";"A10364"
"37800K16901";"A10364"
"43450K46N01";"A10363"
"22201MR8001";"A10363"
"38301K16901";"A10363"
"31926KYT902";"A10362"
"91203436004";"A10362"
"91201KCW851";"A10361"
"22201KPH901";"A10361"
"131A3KWN902";"A10359"
"131A3KWB920";"A10359"
"131A3KVB930";"A10359"
"17910K18902";"A10358"
"19217MAL300";"A10358"
"19216KVB900";"A10357"
"17910K18901";"A10357"
"17920K18901";"A10356"
"30700KVB931";"A10356"
"22201KPM850";"A10356"
"14401K56N01";"A10355"
"14510K56N00";"A10355"
"14500KYZ900";"A10355"
"14401KPPT01";"A10354"
"43472KVB900";"A10353"
"24641KBP900";"A10353"
"23100K35V01";"A10352"
"90084KCJ670";"A10352"
"14610KWB600";"A10351"
"22870K56N10";"A10341"
"53175KEH601";"A10342"
"53175KET920";"A10342"
"15133KVY900";"A10343"
"44680KSPB00";"A10343"
"15133KPH900";"A10343"
"15133KVB900";"A10343"
"17211KYE900";"A10344"
"91372KPH900";"A10344"
"12191GGC900";"A10346"
"12391GGC900";"A10346"
"22530KPH900";"A10347"
"28230KVB902";"A10347"
"131A3KZL305";"A10348"
"17910KZR601";"A10349"
"12391KWWA80";"A10331"
"90017GCC000";"A10332"
"17620KGH600";"A10333"
"16046KVY902";"A10334"
"17910KSPB01";"A10335"
"42301KWB600";"A10336"
"37800KWB920";"A10337"
"36532K18901";"A10338"
"22535K44V00";"A10339"
"88120K61900";"A10321"
"38770K33N03";"A10369"
"22201KGH601";"A10322"
"12251KVY901";"A10323"
"88110KWWA40";"A10324"
"31500KWWA02";"A10326"
"17210KWC900";"A10327"
"50520KVB900";"A10329"
"44830KWWA82";"A10311"
"43450KZR611";"A10312"
"31120KVB931";"A10313"
"31120KWWA81";"A10313"
"31213KEE630";"A10314"
"33701K25901";"A10315"
"17920K15901";"A10316"
"17910K15901";"A10316"
"30410KVY960";"A10318"
"28300KVB900";"A10319"
"35180KWWA01";"A10161"
"91252KZR601";"A10162"
"91206286014";"A10163"
"28333300000";"A10164"
"50610K15900";"A10165"
"45530KET920";"A10166"
"90664KEJ900";"A10166"
"28223KZL840";"A10167"
"17572GGLJ00";"A10167"
"51490KC5305";"A10168"
"51490GAA305";"A10168"
"35170K46N01";"A10169"
"35170KPH651";"A10169"
"23237GCCC50";"A10151"
"23421KVB900";"A10152"
"28223GCC000";"A10152"
"34901KZL841";"A10153"
"35160KWWA01";"A10154"
"90131883000";"A10154"
"31926KWB601";"A10155"
"16016KVBS51";"A10155"
"91201GCC771";"A10156"
"45530KVY911";"A10157"
"91204KWN901";"A10158"
"53199KVG910";"A10158"
"35190KWN902";"A10158"
"23238GCC000";"A10159"
"91202KVB901";"A10141"
"91251KPH901";"A10142"
"9820042500";"A10142"
"91202302010";"A10143"
"91255KVB902";"A10144"
"91211KN7671";"A10145"
"90108K15900";"A10146"
"9621108000";"A10146"
"90001KVY900";"A10146"
"92501060160A";"A10146"
"91201GB4691";"A10147"
"91202KJ9003";"A10148"
"91202KWN902";"A10148"
"1455AKTL6B0";"A10149"
"24651KSP910";"A10149"
"14502086001";"A10149"
"91253KZR601";"A10131"
"HB6202";"A10131"
"91201K44V01";"A10132"
"91009KVB903";"A10132"
"91211PE9003";"A10133"
"35170K59A11";"A10134"
"91202GB4692";"A10134"
"50352KVB900";"A10135"
"53105KRC900";"A10136"
"53209GAH000";"A10137"
"9820041501";"A10137"
"45530471831";"A10138"
"23801KK1011";"A10139"
"24435KPK900";"A10139"
"35160KPH881";"A10121"
"35150KPH880";"A10122"
"35200K03N31";"A10123"
"35200KPH901";"A10123"
"5071AK25900";"A10124"
"5071BK25900";"A10124"
"35200KVB900";"A10125"
"35340GW3980";"A10126"
"35180KPH881";"A10127"
"14126KPH901";"A10128"
"17518GGLJ00";"A10128"
"35200KWWA01";"A10129"
"22011GCC770";"A10111"
"91203KSP911";"A10112"
"35200KYZ901";"A10113"
"HGB5GR";"A10114"
"91211GK8013";"A10115"
"06381KPH900";"A10116"
"91204K35J01";"A10117"
"91002KPH901";"A10118"
"AHB6322";"A10118"
"35170KYZ901";"A10119"
"88110KZR600";"A20468"
"88120KWWA40";"A20466"
"88110KWWA00";"A20465"
"88110KVY700";"A20464"
"88120KVY700";"A20462"
"88120K25900";"A20463"
"88110K25900";"A20461"
"22321KWW742";"A20459"
"17210K56N00";"A20457"
"17210K03N30";"A20458"
"12391KWN900";"A20456"
"12391KRM840";"A20456"
"9820042000";"A20456"
"43125KGA902";"A20455"
"06435K07901";"A20454"
"53178KVBN60";"A20453"
"51401KWW641";"A20452"
"22201MJ8001";"A20451"
"22132KWN900";"A20449"
"35850K18901";"A20448"
"074060050000IN";"A20448"
"0702S002000IN";"A20447"
"17210KWB920";"A20446"
"38110KTM851";"A20445"
"22102KZL930";"A20444"
"14510KZR600";"A20444"
"06455K56N01";"A20443"
"22113GFM970";"A20443"
"22105KZLC00";"A20442"
"33130KVY961";"A20441"
"11393KGH901";"A20439"
"51401KVBT01";"A20439"
"51401KVB901";"A20438"
"23205GGC900";"A20437"
"14611KVB900";"A20436"
"34906KET940";"A20435"
"31600KTMN01";"A20434"
"31600KVBN51";"A20434"
"31600KRS971";"A20433"
"31600KWW641";"A20433"
"88110K61900";"A20432"
"06435K56N01";"A20431"
"30700KVY961";"A20431"
"14401KVB901";"A20428"
"14401KPH901";"A20428"
"44800KWW650";"A20427"
"53140KVBT00";"A20426"
"53140KVB900";"A20426"
"53140K03N30";"A20426"
"53166KWB600";"A20425"
"53166KVB900";"A20425"
"53166K07900";"A20425"
"061A1KVY003";"A20424"
"061A1KPH003";"A20424"
"061B1KPH003";"A20423"
"061B1KFL003";"A20423"
"061B1KVY003";"A20422"
"061B1KEH003";"A20422"
"28120KVB901";"A20421"
"22350KVY900";"A20419"
"23411KZL930";"A20418"
"23411KZR600";"A20418"
"23411KVG900";"A20418"
"23411KVY900";"A20418"
"30700KWW641";"A20417"
"AHB6501RS";"A20416"
"11395KGH901";"A20415"
"11395KVY901";"A20415"
"11393KWK900";"A20415"
"22350107011";"A20414"
"31916KWB601";"A20413"
"38501KVZ631";"A20413"
"14401K18901";"A20412"
"23224KZL930";"A20412"
"061A1KFL003";"A20411"
"061A1KEH003";"A20411"
"33452KTL691";"A20269"
"33402KTL691";"A20269"
"22870K15900";"A20268"
"22870KYE900";"A20268"
"22870KEH930";"A20267"
"22870KEH900";"A20266"
"22870KEH600";"A20265"
"22870KCJ690";"A20264"
"22870KCJ760";"A20263"
"22870KCJ660";"A20262"
"22870KCJ650";"A20261"
"33130KEV601";"A20259"
"35170KWWA01";"A20258"
"33703KTL691";"A20257"
"22401KPP901";"A20256"
"30700KWN982";"A20255"
"22870KWC900";"A20254"
"11370K07900";"A20253"
"11370KPH880";"A20253"
"53208KYT900TBT";"A20253"
"22201107001";"A20252"
"22201KWWA01";"A20252"
"44800KVB910";"A20251"
"44830KTM880";"A20249"
"43450KVB930";"A20248"
"44830KW1900";"A20247"
"44830KCJ650";"A20247"
"44830KEV881";"A20246"
"44830KWWA00";"A20245"
"44830KEV651";"A20244"
"44830KTL690";"A20243"
"44830KVBT00";"A20242"
"43450KVY900";"A20241"
"06455KVBT01";"A20239"
"06141GN5505";"A20238"
"06141KVB505";"A20237"
"06535KTR900";"A20236"
"30700KSPB01";"A20235"
"33450K15901";"A20235"
"35700KVY900";"A20234"
"35200KVB851";"A20234"
"22870K56N00";"A20233"
"22105KVY960";"A20233"
"22105KVB900";"A20232"
"22201K56N01";"A20231"
"30700KZLA01";"A20231"
"06435KPP901";"A20222"
"06455KVB401";"A20221"
"06455KR3404";"A20224"
"06455KWC901";"A20223"
"06455KVY911";"A20225"
"06435KSPB01";"A20228"
"06455KWB601";"A20227"
"HBF50ML";"A20229"
"06455KPPN01";"A20219"
"44830KWB940";"A20218"
"35345GW0900";"A20217"
"9420120150";"A20216"
"9410208000";"A20216"
"90202KN7670";"A20216"
"90311K15900";"A20216"
"44800K25900";"A20215"
"14711KPH900";"A20214"
"14721KPH880";"A20214"
"50415KYT940";"A20213"
"50614K15900";"A20213"
"53220GN5900";"A20213"
"33400KTM850";"A20212"
"33650K15921";"A20212"
"22870K15920";"A20211"
"38501KVB901";"A20211"
"06535041010";"A20319"
"51410KVY731";"A20318"
"51410KVB901";"A20318"
"51410KTM881";"A20318"
"51410KZLA01";"A20318"
"50530K25900";"A20317"
"23100K36J02";"A20316"
"23100KVB901";"A20316"
"131A2KPH881";"A20315"
"131A3KFV951";"A20315"
"ALF6301RS";"A20314"
"31120K25902";"A20313"
"31120KVY961";"A20312"
"91002KVY901";"A20311"
"2212AK44V00";"A20329"
"1110-94";"A20329"
"2212AK36T00";"A20328"
"11203KVB901";"A20328"
"22401KVY900";"A20327"
"22401KVB900";"A20326"
"2212AKWN900";"A20325"
"2212AKVY900";"A20324"
"2212AKVB900";"A20323"
"14541GB4682";"A20322"
"91109KVY901";"A20321"
"22102KVY900";"A20339"
"30500K07901";"A20335"
"30510KZR601";"A20335"
"51490KGH902";"A20333"
"30700KZL931";"A20333"
"17910KWC900";"A20332"
"17910KTL691";"A20331"
"91001KSP913";"A20349"
"91005KVB900";"A20349"
"53178KWC900";"A20348"
"53175KVB921";"A20348"
"53175KVB930";"A20347"
"53175KSPB51";"A20346"
"53178KEH601";"A20346"
"53175KRST80";"A20345"
"53178K59A10";"A20344"
"53178KYT900";"A20344"
"53178KVGA20";"A20343"
"53178KWN930";"A20343"
"53175KVGA21";"A20342"
"53175KWN901";"A20342"
"53178K25910";"A20341"
"18805KVY900";"A20359"
"23233GCC000";"A20357"
"22110KVB900";"A20355"
"50503KVY900";"A20353"
"12191KVB901";"A20352"
"12191KCN001";"A20351"
"11395KWK900";"A20351"
"22804148000";"A20369"
"22804GB2880";"A20368"
"28250KVB902";"A20367"
"28250KZR600";"A20367"
"28230KZL840";"A20366"
"28230KZR600";"A20366"
"22201166001";"A20365"
"22201KYZ901";"A20365"
"11103KVB930";"A20364"
"19104KVB930";"A20363"
"61314KCJ660ZA";"A20362"
"61313KCJ660ZA";"A20362"
"50613K15900";"A20362"
"19505KGH901";"A20361"
"24610KPP900";"A20361"
"50603033010";"A20361"
"53178KVB930";"A20119"
"53178KVB900";"A20119"
"44301GN5900";"A20118"
"44301KVG950";"A20118"
"38300KRS971";"A20117"
"23205KVY900";"A20116"
"23224KVY900";"A20115"
"23200KVB900";"A20114"
"11108KVB900";"A20113"
"81132GAH000";"A20112"
"23422KWN901";"A20112"
"41201KPH882";"A20111"
"41201GN5900";"A20111"
"51401KPH971";"A20129"
"17910KWWA81";"A20128"
"9501472102";"A20127"
"9501421201";"A20127"
"51490GN5305";"A20126"
"28281KWB600";"A20126"
"41241KW7882";"A20125"
"51490KRM852";"A20124"
"53166KSPA70";"A20123"
"33703KVLN01";"A20122"
"33701KWWA01";"A20122"
"12361035000";"A20121"
"13111440001";"A20121"
"14610086113";"A20121"
"17110KPH880";"A20121"
"41241307012";"A20139"
"41241GB4770";"A20139"
"41241KFL851";"A20138"
"41241KWB602";"A20137"
"LF6204";"A20136"
"AHB6301RS";"A20135"
"LF6301";"A20135"
"LF6302RS";"A20134"
"LF6201";"A20133"
"ALF6201RS";"A20133"
"HB6203RS";"A20132"
"LF6203RS";"A20132"
"HB6304";"A20131"
"9806958921";"A20149"
"9806786881";"A20148"
"9806786871";"A20147"
"9805958826";"A20146"
"9805957927";"A20145"
"9805657723";"A20144"
"31928MFFD01";"A20143"
"31916KRM841";"A20141"
"17910KTM780";"A20151"
"34901KC5003";"A20152"
"34901KWR004";"A20152"
"34901KPH881";"A20153"
"34901K18901";"A20154"
"33301K07901";"A20156"
"34908GA7701";"A20157"
"34930KWA930";"A20156"
"34905GM9003";"A20155"
"34905KANW01";"A20158"
"34906GB6921";"A20159"
"31926KRM842";"A20142"
"17910KWB920";"A20169"
"17910KTM850";"A20168"
"17950KFLD00";"A20166"
"17910KVG901";"A20167"
"17950KWB920";"A20164"
"17910K16901";"A20165"
"17910KEV621";"A20163"
"17910KWWA00";"A20162"
"17910KVB904";"A20161"
"17210KZLA00";"A30261"
"17210KPH900";"A30262"
"17211K18900";"A30263"
"17211K15900";"A30264"
"17210KZR600";"A30251"
"17210KVB930";"A30252"
"17210KVY960";"A30254"
"18318KVBN50";"A30244"
"18318KZL930";"A30243"
"18318K25900";"A30242"
"18318KVY901";"A30241"
"45120001011";"A30234"
"43125KPH903";"A30233"
"43130KZL930";"A30232"
"06535GN5505";"A30231"
"SS8175ML";"A30221"
"06401KPH881";"A30222"
"06401KYZ900";"A30223"
"06401K45N01";"A30223"
"2751700000NR00";"A30211"
"31500KCJFM0";"A30212"
"31500KPH882";"A30213"
"52400KVY961";"A30214"
"31500KZR602";"A30414"
"44712KZT901";"A30413"
"2251725017NR00";"A30412"
"06401KEV881";"A30424"
"06401KWW900";"A30423"
"06401K18900";"A30422"
"06401K56N00";"A30422"
"06401KWC900";"A30421"
"22100KVB900";"A30434"
"22100K25900";"A30433"
"08CLAH50500";"A30411"
"06401K15900";"A30432"
"34901KFVB51";"A30431"
"44830KVY721";"A30441"
"22535KWN901";"A30442"
"22535KZLA00";"A30443"
"22535KVY900";"A30444"
"06401KWB900";"A30454"
"23100KZRBA0";"A30453"
"23100KVYBA1";"A30452"
"23100KVBBA0";"A30451"
"23100K44V01";"A30464"
"23100KZR601";"A30464"
"23100KZLBA0";"A30463"
"52400KEV882";"A30462"
"37800KVY961";"A30461"
"37200K16A01";"A30331"
"37800K03H01";"A30331"
"37800KZR601";"A30331"
"37800KCJ661";"A30331"
"37800KPH901";"A3033"
"37100KCJ691";"A30331"
"17210K16900";"A30253"
"16700K45N01";"A3033"
"16700K18305";"A3033"
"16700K15306";"A3033"
"1300AKVY960";"A30331"
"1300AKZR600";"A3033"
"1300AKZLC30";"A3033"
"06401K41N01";"A30331"
"06401KCJ691";"A3033"
"ACL70ML";"A3033"
"88120KCJ660";"A30331"
"52400K25901";"A3033"
"52400KZLA01";"A3033"
"52400KZR600";"A30331"
"52400KPH720";"A3033"
"88120KCJ690";"A3033"
"5240AKTM850ZB";"A30331"
"51420KZR600";"A30331"
"88110KCJ660";"A3033"
"88110KCJ690";"A3,01,2"
"88120KVY960";"A30331"
"64460K25600";"A3032"
"33400KVY961";"A30302"
"33650KYE901";"A3032"
"64305K81H00ZA";"A3032"
"83500K81N00FMb";"A3032"
"64100KCJ660";"A3032"
"53205KVBT00DSM";"A3032"
"83650K25900ZA";"A30302"
"33400KVB931";"A30302"
"37211KVB901";"A30302"
"35010KPH900";"A3032"
"64320KTL690FMB";"A3032"
"35010KVY960";"A30302"
"50706K41N00ZA";"A3032"
"37211KVBT01";"A30302"
"53206K59A10ZA";"A3032"
"53206KWC900";"A30321"
"33450KVB931";"A3032"
"50290KCJ650";"A30302"
"61100K15900ZD";"A30302"
"53206KWB920";"A3032"
"64560K03N30ZA";"A30321"
"17245K16900";"A3032"
"64340K07900ZA";"A30321"
"83600K93N00ZA";"A3032"
"8010AK41N00ZA";"A30321"
"61100KVY960FMB";"A3032"
"64330K07900ZB";"A30321"
"51410K15901";"A20318"
"51410K45N01";"A30301"
"51410K18901";"A30301"
"51401KYE901";"A30301"
"53100K15920ZA";"A30301"
"43251KCJ672";"A30301"
"45251KPH881";"A30311"
"43351KTMN31";"A30311"
"45251KWB921";"A30311"
"45251K15901";"A30301"
"22121KCS651";"A30311"
"5038AKVBN50";"A30301"
"53100KZR600";"A30311"
"5310BK25900";"A30311"
"53200KVY720";"A30311"
"53100KVBN60";"A30311"
"51420KVY871";"A30311"
"46500K07900";"A30311"
"53100KWB920";"A30311"
"53100K15900";"A30311"
"53100K25910";"A30311"
"50650KGH600";"A30301"
"61315KCJ660";"A30311"
"61311KCJ660";"A30311"
"50605KVLT30";"A30311"
"11330KYE900";"A30311"
"11341KVY960";"A30311"
"42711KWB922";"A30111"
"42711K59A12";"A30111"
"64308KZR600ZB";"A30102"
"53205K25900CSR";"A30102"
"61100K46N00ZB";"A3012"
"40510K15920";"A3012"
"83600K25900PFW";"A3012"
"53206K81N00ZA";"A3012"
"81134K16900YF";"A3012"
"35200K47N01";"A3012"
"80131KZL930";"A3012"
"53207KVLN01FMB";"A3012"
"22535K81N00";"A3012"
"14431KGH900";"A3012"
"43513KBP882";"A3012"
"31120KYE902";"A3012"
"33704KVLN01";"A3012"
"06401KYE900";"A3013"
"18318KZR600";"A30131"
"88110KYT940FMB";"A3013"
"37200KWW911";"A30131"
"44601KVB911";"A30131"
"33110KVY961";"A30331"
"08000K45REP";"A30131"
"33110KVBN51";"A30331"
"44711K59A12";"A30101"
"42711K56N00";"A30101"
"44711K56N00";"A30101"
"44711KWW010";"A30101"
"42711KWW010";"A30101"
"44711KTM850";"A30101"
"44711KWB922";"A30111"
"42711KTM850";"A30101"
"082322MBK0LN1";"A11111"
"082322MAK8LN1";"A1111"
"082322MAU0JN3";"A11111"
"082322MAK0LN1";"A11111"
"082322MAK1LN1";"A11111"
"082342MAK8LN0";"A11111"
"082342MAK0LN0";"A11111"
"082342MAK1LN0";"A11111"
"082342MBK0LN0";"A11111"
"08294M99Z8YN1";"A11111"
"17210KYZ900";"A10327"
