id,nomor_part,nama_part,jenis,qty,harga_jual,disc1,disc2,nomor_rak,harga_beli
1,06141GN5505,CAM CHAIN KIT,S,4,44000,17,5,A20238,34320
2,06141KVB505,CAM CHAIN KIT,S,7,92000,17,5,A20237,72150
3,06141KWB505,CAM CHAIN KIT,S,1,53000,17,5,,41730
4,061A1KEH003,GASKET KIT A,S,1,51000,17,5,A20411,39780
5,061A1KFL003,GASKET KIT A,S,3,55000,17,5,A20411,42900
6,061A1KPH003,GASKET KIT A,S,1,62000,17,5,A20424,48360
7,061A1KVY003,GASKET KIT A,S,1,130000,17,5,A20424,101400
8,061B1KEH003,GASKET KIT B,S,1,57000,17,5,A20422,44460
9,061B1KFL003,GASKET KIT B,S,1,58000,17,5,A20423,45240
10,061B1KPH003,GASKET KIT B,S,1,49000,17,5,A20423,38220
11,061B1KVY003,GASKET KIT B,S,1,51000,17,5,A20422,39780
12,06381KPH900,ROD KIT CONNECTING,S,2,230000,17,5,A10116,179400
13,06401K15900,DRIVE CHAIN KIT,S,3,287000,17,5,A30432,224250
14,06401K18900,DRIVE CHAIN KIT,S,2,255000,17,5,A30422,199290
15,06401K41N01,DRIVE CHAIN KIT,S,1,164000,17,5,A30331,127920
16,06401K45N01,DRIVE CHAIN KIT,S,2,284000,17,5,A30223,221520
17,06401K56N00,DRIVE CHAIN KIT,S,2,254000,17,5,A30422,198120
18,06401KCJ691,DRIVE CHAIN KIT,S,1,375000,17,5,A3033,292500
19,06401KEV881,DRIVE CHAIN KIT,S,8,176000,17,5,A30424,137280
20,06401KPH881,DRIVE CHAIN KIT,S,2,151000,17,5,A30222,117780
21,06401ktl700,DRIVE CHAIN KIT,S,9,176000,17,5,,137280
22,06401KWB900,DRIVE CHAIN KIT,S,3,163000,17,5,A30454,127530
23,06401KWC900,DRIVE CHAIN KIT,S,2,278000,17,5,A30421,216840
24,06401KWW900,DRIVE CHAIN KIT,S,2,154000,17,5,A30423,120120
25,06401KYE900,DRIVE CHAIN KIT,S,1,274000,17,5,A3013,214110
26,06401KYZ900,DRIVE CHAIN KIT,S,2,179000,17,5,A30223,139620
27,06435K07901,PAD SET RR,S,3,43000,17,5,A20454,33930
28,06435K56N01,"PAD SET, RR.",S,1,71000,17,5,A20431,55770
29,06435KPP901,PAD SET RR,S,4,43000,17,5,A20222,33540
30,06435KSPB01,PAD SET RR,S,3,58000,17,5,A20228,45240
31,06455K56N01,"PAD SET, FR. BRAKE",S,3,51000,17,5,A20443,39780
32,06455KPPN01,PAD SET FR,S,3,55000,17,5,A20219,42900
33,06455KR3404,PAD SET FR (NA),S,2,46000,17,5,A20224,35880
34,06455KVB401,PAD SET FR (NA),S,7,48000,17,5,A20221,37830
35,06455KVBT01,PAD SET FR,S,18,51000,17,5,A20239,39780
36,06455KVY911,PAD SET FR,S,7,45000,17,5,A20225,35490
37,06455KWB601,PAD SET FR,S,2,46000,17,5,A20227,35880
38,06455KWC901,PAD SET FR,S,8,53000,17,5,A20223,41340
39,06535GN5505,RACE STEERING KIT,S,4,82000,17,5,A30231,63960
40,06535KTR900,RACE STEERING KIT,S,3,90000,17,5,A20236,70200
41,0702S002000IN,O2 SENSOR WRENCH,S,1,80000,17,5,A20447,62400
42,074060050000IN,Fuel Pump Remover,S,1,171000,17,5,A20448,133380
43,08000k25GRED,ACC BEAT SPORT RED,A,2,340000,17,5,,265200
44,08000K25SLV,ACC KIT BEAT FI SILVER,A,1,340000,17,5,,265200
45,08000K45REP,PAKET ACC CBR150R,A,2,900000,17,5,A30131,702000
46,08000K59GUN,ACC KIT GUN METAL,A,2,750000,17,5,,585000
47,08000KVYVRED,PAKET ACC BEAT 2,A,6,344000,17,5,,268320
48,08000KZLGRED,PAKET ACC SPACY,A,1,351000,17,5,,273780
49,08000KZLGSLV,PAKET ACC SPACY,A,2,351000,17,5,,273780
50,08000KZRA00,ACC KIT VAR125,A,5,395000,17,5,,308100
51,0800AK56F00 ,KITA A NEW SUPRA 150,A,3,525000,17,5,,409500
52,0800AK93ABRWST,KITA NEW SCOOPY,A,1,350000,17,5,,273000
53,0800AK93AWHISP,KITA NEW SCOOPY,A,1,350000,17,5,,273000
54,08100KVYZRED,AKSESORIS KIT BEAT,A,2,344000,17,5,,268320
55,08100KVYZSLV,AKSESORIS KIT BEAT,A,2,344000,17,5,,268320
56,082322MAU0JN3,"OLI MPX3 20W40 0,8L",O,182,34000,17,5,A11111,26520
57,082322MBK8JN1,SCOOTER GEAR OIL,S,66,12000,17,5,,9360
58,08232M99K1JN1,"OLI MPX2 10W30 0,8L",O,938,39000,17,5,,30810
59,08232M99K8JN1,OLI MPX1 10W30 1L,O,45,44000,17,5,,34710
60,08232M99K8JN9,"OLI MPX1 10W30 0,8L",O,64,37000,17,5,,29250
61,082342MBK0LN0,"OLI SPX2 10W30 SL 0,8L",\N,49,50000,17,5,,39000
62,08234M99K0JN9,"OLI SPX1 10W30 0,8L",O,47,46000,17,5,,36270
63,08234M99K1JN9,OLI SPX1 10W30 1L REP,O,53,52000,17,5,,40950
64,08500M99K8JN1,"OLI MPX1 10W30 1,2L",O,94,52000,17,5,,40950
65,08600M99K1JN9,"OLI SPX1 10W30 1,2L",O,33,62000,17,5,,48360
66,08CLAH50500,HONDA M/C GENUINE,S,26,17000,17,5,A30411,13650
67,08F44K61A00,COVER FAN POP,A,2,67000,17,5,,52260
68,08F44K81AGRE,COVER FAN SPORTY,A,1,67000,17,5,,52260
69,08F44KVYVSLV,GARNISH FAN SILVER,A,4,70000,17,5,,54600
70,08F47KYT700C,KIT TAIL LIGHT GARN,A,2,84000,17,5,,65520
71,08F47KYT720A,KIT HEAD LIGHT,A,2,84000,17,5,,65520
72,08F71KWB710E,MAIN PIPE CVR GAR,A,1,85000,17,5,,66300
73,08F71KWB710F,MAIN PIPE CVR GAR,A,1,85000,17,5,,66300
74,08F73KWB710E,CENTER CVR GAR R/BLU,A,1,90000,17,5,,70200
75,08F73KWB710F,CENTER CVR GAR L/BLU,A,1,90000,17,5,,70200
76,08F81KVB710C,KEY SHUTTER CVR BLU,A,1,10000,17,5,,7800
77,08F86KWB710E,HANDLE RR CVR GAR,A,1,55000,17,5,,42900
78,08F86KWB710F,HANDLE RR CVR GAR,A,1,55000,17,5,,42900
79,08F86KYT740X,KIT METER RING SILVER,A,2,105000,17,5,,81900
80,08F88K61A00,COVER MUFFLER POP,A,2,120000,17,5,,93600
81,08G00K16RCRO,ACC KIT SCOOPY GARN,A,1,295000,17,5,,230100
82,08R00K56F00,HAND REST GRIP GTR,A,3,77000,17,5,,60060
83,08R80KWB710A,METER VISOR BLUE,A,1,128000,17,5,,99840
84,08R80KYT700,KIT METER VISOR,A,1,74000,17,5,,57720
85,08S10K56F00,WIND SHIELD GTR,A,1,340000,17,5,,265200
86,08Z50KVY720B,BEAT MACHO BLACK,A,3,380000,17,5,,296400
87,1110-94,SPOKE SET,S,2,22000,17,5,A20329,17160
88,11103KVB930,RUBBER BUSH ENG.,S,14,16000,17,5,A20364,12480
89,11108KVB900,PLATE BEARING SET,S,8,4000,17,5,A20113,3120
90,11203KVB901,UNDER RUBBER BUSH,S,6,13000,17,5,A20328,10140
91,11330KYE900,COVER COMP. R CRANK,S,1,215000,17,5,A30311,167700
92,11341KVY960,COVER L CRANK CASE,S,1,260000,17,5,A30311,202800
93,11370K07900,PROTECTOR COMP R,S,1,26000,17,5,A20253,20280
94,11370KPH880,PROTECTOR R COVER,S,1,76000,17,5,A20253,59280
95,11393KGH901,GASKET R COVER,S,1,22000,17,5,A20439,17550
96,11393KWK900,GASKET R COVER,S,1,27000,17,5,A20415,21450
97,11395KGH901,GASKET L COVER,S,1,8000,17,5,A20415,6240
98,11395KVY901,GASKET L COVER,S,1,34000,17,5,A20415,26910
99,11395KWK900,GASKET L COVER,S,1,8000,17,5,A20351,6240
100,12191GGC900,GASKET CYLINDER,S,1,7000,17,5,A10346,5460
101,12191K44V00,"GASKET, CYLINDER",S,1,7000,17,5,A10367,5850
102,12191KCN001,GASKET CYLINDER,S,1,5000,17,5,A20351,3900
103,12191KVB901,GASKET CYLINDER,S,2,7000,17,5,A20352,5850
104,12191KVY900,GASKET CYLINDER,S,1,7000,17,5,A10367,5850
105,12251KVY901,GASKET CYLINDER,S,2,15000,17,5,A10323,12090
106,12361035000,CAP TAPPET,S,15,8000,17,5,A20121,6240
107,12391GGC900,GASKET HEAD COVER,S,3,35000,17,5,A10346,27300
108,12391KRM840,GASKET HEAD COVER,S,2,11000,17,5,A20456,8580
109,12391KWN900,"GASKET,HEAD COVER",S,3,58000,17,5,A20456,45240
110,12391KWWA80,"GASKET, HEAD COVER",S,2,56000,17,5,A10331,43680
111,1300AKVY960,CRANKSHAFT ASSY,S,1,430000,17,5,A30331,335400
112,1300AKZLC30,CRANKSHAFT ASSY,S,1,486000,17,5,A3033,379080
113,1300AKZR600,CRANKSHAFT ASSY,S,1,520000,17,5,A3033,405600
114,13031K59A10,RING SET PISTON (0.50),S,1,60000,17,5,A10366,46800
115,13103K36T00,PISTON (0.50),S,1,65000,17,5,A10366,50700
116,13103K44V00,PISTON (0.50),S,1,46000,17,5,A10366,35880
117,13111440001,PIN PISTON,S,1,13000,17,5,A20121,10140
118,13115GN5911,13115GN5910,S,2,500000,17,5,A10366,390
119,131A2KPH881,"PISTON KIT (0,25)",S,2,140000,17,5,A20315,109200
120,131A2KRM305,PISTON KIT (0.25),S,1,125000,17,5,A10366,97500
121,131A3KFV951,PISTON KIT (0.50),S,1,130000,17,5,A20315,101400
122,131A3KRM305,PISTON KIT (0.50),S,1,125000,17,5,A10366,97500
123,131A3KVB930,"PISTON KIT (0,50)",S,1,97000,17,5,A10359,75660
124,131A3KWB920,"PISTON KIT (0,50)",S,1,105000,17,5,A10359,81900
125,131A3KWN902,PISTON KIT (0.50),S,1,102000,17,5,A10359,79560
126,131A3KZL305,PISTON KIT (0.50),S,1,94000,17,5,A10348,73320
127,14126KPH901,SPG .PLUNGER,S,1,25000,17,5,A10128,19734
128,14401K18901,"CHAIN, CAM(94L) (FS)",S,1,85000,17,5,A20412,66300
129,14401K56N01,CHAIN CAM(120L),S,4,168000,17,5,A10355,131040
130,14401KPH901,CHAIN CAM,S,1,80000,17,5,A20428,62790
131,14401KPPT01,"CHAIN,CAM",S,1,264000,17,5,A10354,205920
132,14401KVB901,CHAIN CAM DID SCR-,S,1,78000,17,5,A20428,60840
133,14431KGH900,"ARM,VALVE ROCKER",S,1,250000,17,5,A3012,195000
134,14500KYZ900,ARM COMP CAM CHAIN,S,1,40000,17,5,A10355,31200
135,14502086001,ROLLER CAM CHAIN,S,4,9000,17,5,A10149,7410
136,14510K56N00,TENSIONER COMP CAM,S,2,50000,17,5,A10355,39000
137,14510KZR600,"TENSIONER ASSY., CAM",S,2,20000,17,5,A20444,15600
138,14541GB4682,SPRING TENSIONER,S,7,1000,17,5,A20322,780
139,1455AKTL6B0,PUSH ROD ASSY,S,2,38000,17,5,A10149,29640
140,14610086113,GUIDE CAM CHAIN,S,2,9000,17,5,A20121,7722
141,14610KWB600,ROLLER CAM CHAIN,S,1,17000,17,5,A10351,13260
142,14611KVB900,GUIDECAM CHAIN,S,1,3000,17,5,A20436,2730
143,14711KPH900,"VALVE,INLET",S,1,20000,17,5,A20214,15990
144,14721KPH880,"VALVE, EXHAUST",S,1,40000,17,5,A20214,31200
145,15133KPH900,"GEAR, OIL PUMP DRIVEN",S,2,30000,17,5,A10343,23400
146,15133KVB900,GEAR OIL PUMP DRIVEN,S,2,24000,17,5,A10343,19110
147,15133KVY900,GEAR OIL PUMP DRIVEN,S,1,21000,17,5,A10343,16770
148,16016KVBS51,SCREW SET,S,2,40000,17,5,A10155,31200
149,16046KVY902,BY STARTER ASSY AUTO,S,1,295000,17,5,A10334,230100
150,16700K15306,UNIT ASSY FUEL PUMP,S,1,490000,17,5,A3033,382200
151,16700K18305,"UNIT ASSY,FUEL PUMP",S,1,493000,17,5,A3033,384540
152,16700K45N01,PUMP ASSY FUEL,S,1,600000,17,5,A3033,468000
153,16700K81N01,"UNIT ASSY,FUEL PUMP",S,2,380000,17,5,\N,296400
154,17110KPH880,PIPE INLET COMP,S,1,34000,17,5,A20121,26520
155,17200K25SLV,GARNISH CVR A/C,A,2,65000,17,5,\N,50700
156,17200K61A00,COVER AIR FILTER POP,A,2,65000,17,5,\N,50700
157,17210K03N30,"ELEMEN COMP, AIR/C",S,11,42000,17,5,A20458,33150
158,17210K16900,"ELEMENT COMP., AIR",S,22,50000,17,5,A30253,39000
159,17210K56N00,ELEMENT COMP AIR,S,2,55000,17,5,A20457,42900
160,17210KPH900,ELEMENT COMP A/C,S,5,30000,17,5,A30262,23400
161,17210KVB930,ELEMENT COMP A/C,S,4,54000,17,5,A30252,42510
162,17210KVY960,ELEMENT COMP A/C,S,11,52000,17,5,A30254,40560
163,17210KWB920,ELEMENT COMP A/C,S,4,35000,17,5,A20446,27300
164,17210KWC900,ELEMENT COMP A/C,S,3,44000,17,5,A10327,34320
165,17210KYZ900,"ELEMENT COMP, AIR/C",S,7,45000,17,5,A10327,35100
166,17210KZLA00,ELEMENT COMP A/C,S,19,51000,17,5,A30261,40170
167,17210KZR600,"ELEMENT COMP, AIR",S,12,54000,17,5,A30251,42510
168,17211k15900,"ELEMENT COMP,AIR/C",S,5,48000,17,5,A30264,37440
169,17211K18900,"ELEMENT COMP., A/C",S,3,49000,17,5,A30263,38610
170,17211KYE900,ELEMENT COMP A/C,S,5,21000,17,5,A10344,16380
171,17245K16900,"COVER SUB ASSY., AIR",S,1,28000,17,5,A3032,21840
172,17518GGLJ00,DUST SEAL,S,4,2000,17,5,A10128,1950
173,17572GGLJ00,"O-RING, FUEL PUMP",S,4,13000,17,5,A10167,10530
174,17620KGH600,CAP FUEL FILLER,S,2,17000,17,5,A10333,13650
175,17910K15901,CABLE COMP THROT,S,1,40000,17,5,A10316,31200
176,17910K16901,CABLE COMP THROTTLE,S,2,61000,17,5,A20165,47580
177,17910K18901,CABLE COMP A THROT,S,2,64000,17,5,A10357,49920
178,17910K18902,"CABLE COMP. A,",S,1,83000,17,5,A10358,64740
179,17910KEV621,THROTTLE CABLE,S,1,21000,17,5,A20163,16770
180,17910KSPB01,"CABLE COMP,THROT",S,1,32000,17,5,A10335,24960
181,17910KTL691,THROTTLE CABLE,S,4,23000,17,5,A20331,18330
182,17910KTM780,"CABLE COMP, THROT",S,1,33000,17,5,A20151,26130
183,17910KTM850,CABLE COMP THROTTLE,S,3,26000,17,5,A20168,20280
184,17910KVB904,CABLE COMP THROTTLE,S,2,70000,17,5,A20161,54600
185,17910KVG901,CABLE COMP THROTTLE,S,2,79000,17,5,A20167,61620
186,17910KWB920,"CABLE COMP, THROT",S,4,22000,17,5,A20169,17550
187,17910KWC900,"CABLE COMP,THROT",S,2,31000,17,5,A20332,24570
188,17910KWWA00,"CABLE COMP, THROT",S,3,22000,17,5,A20162,17160
189,17910KWWA81,"CABLE COMP., THROT",S,6,26000,17,5,A20128,20280
190,17910KZR601,CABLE COMP THROTTLE,S,1,65000,17,5,A10349,50700
191,17920K15901,CABLE COMP B THROT,S,1,42000,17,5,A10316,32760
192,17920K18901,CABLE COMP B THROT,S,1,47000,17,5,A10356,36660
193,17950KFLD00,"CABLE COMP, CHOKE",S,2,16000,17,5,A20166,12480
194,17950KWB920,"CABLE COMP, CHOKE",S,2,17000,17,5,A20164,13260
195,18318K16A00ZA,PROTECTOR MUFFLER,S,1,80000,17,5,,62400
196,18318K25900,"PROTECTOR, MUFFLER",S,2,33000,17,5,A30242,25740
197,18318K59A10,"PROTECTOR, MUFFLER",S,2,30000,17,5,,23400
198,18318K61900ZA,"PROTECTOR, MUFFLER",S,3,30000,17,5,,23400
199,18318K81N00ZA,PROTECTOR MUFFLER,S,3,33000,17,5,,25740
200,18318KVBN50,PROTECTOR A MUFFLER,S,2,35000,17,5,A30244,27300
201,18318KVY901,PROTECTOR MUFFLER,S,5,17000,17,5,A30241,13260
202,18318KZL930,PROTECTOR MUFFLER,S,1,30000,17,5,A30243,23400
203,18318KZR600,"PROTECTOR, MUFFLER",S,3,36000,17,5,A30131,28080
204,18805KVY900,ELEMENT ASV A/C,S,6,3000,17,5,A20359,2730
205,19104KVB930,CAP RESERVE TANK,S,4,3000,17,5,A20363,2730
206,19216KVB900,GASKET STATOR BASE,S,1,5000,17,5,A10357,3900
207,19217MAL300,SEAL MECHANICAL,S,2,51000,17,5,A10358,39780
208,19505KGH901,HOSE C RADIATOR,S,1,12000,17,5,A20361,9360
209,19742KZL930,CAP L. COVER,S,1,9000,17,5,,7410
210,22011GCC770,PIECE SLIDE,S,19,8000,17,5,A10111,6240
211,22100K25900,OUTER COMP CLUTCH,S,2,100000,17,5,A30433,78000
212,22100KVB900,OUTER COMP CLUTCH,S,1,95000,17,5,A30434,74100
213,22102KVY900,FACE DRIVE,S,3,113000,17,5,A20339,88140
214,22102KZL930,"FACE, DRIVE",S,1,113000,17,5,A20444,88140
215,22105KVB900,BOSS DRIVE FACE,S,4,17000,17,5,A20232,13650
216,22105KVY960,BOSS DRIVE FACE,S,6,17000,17,5,A20233,13260
217,22105KZLC00,"BOSS, DRIVE FACE",S,3,20000,17,5,A20442,15990
218,22110KVB900,FACE COMP MOVEABLE,S,4,72000,17,5,A20355,56160
219,22113GFM970,FINDRIVE FACE,S,2,26000,17,5,A20443,20280
220,22121KCS651,CENTER CLUTCH,S,1,55000,17,5,A30311,42900
221,2212AK36T00,ROLLER WEIGHT SET,S,8,47000,17,5,A20328,36660
222,2212AK44V00,ROLLER WEIGHT SET,S,5,47000,17,5,A20329,36660
223,2212AKVB900,ROLLER WEIGHT SET,S,2,60000,17,5,A20323,46800
224,2212AKVY900,ROLLER WEIGHT SET,S,1,45000,17,5,A20324,35100
225,2212AKWN900,ROLLER WEIGHT SET,S,1,56000,17,5,A20325,43680
226,22132KWN900,"PIECE,SLIDE",S,6,8000,17,5,A20449,6240
227,22201107001,DISK CLUTCH,S,3,100000,17,5,A20252,78000
228,22201166001,DISK CLUTCH,S,2,80000,17,5,A20365,62400
229,22201K56N01,DISK CLUTCH FRICTION,S,15,110000,17,5,A20231,85800
230,22201KGH601,DISK CLUTCH FRICTION,S,10,47000,17,5,A10322,37050
231,22201KPH901,DISK CLUTCH FRICTION,S,1,150000,17,5,A10361,117000
232,22201KPM850,DISK CLUTCH FRIC,S,3,25000,17,5,A10356,19500
233,22201KWB603,DISK CLUTCH FRICTION,S,3,42000,17,5,,32760
234,22201KWWA01,DISK CLUTCH FRICTION,S,5,39000,17,5,A20252,30810
235,22201KYZ901,DISK CLUTCH FRICTION,S,1,75000,17,5,A20365,58500
236,22201MJ8001,DISK CLUTCH FRICTION,S,10,25000,17,5,A20451,19500
237,22201MR8001,DISK CLUTCH FRICTION,S,2,32000,17,5,A10363,24960
238,22321KWW742,"PLATE, CLUTCH",S,4,7000,17,5,A20459,5460
239,22350107011,PLATE PRESSURE,S,1,41000,17,5,A20414,31980
240,22350KVY900,PLATE COMP DRIVE,S,2,26000,17,5,A20419,20280
241,22401KPP901,"SPRING,CLUTCH",S,19,5000,17,5,A20256,4290
242,22401KVB900,SPRING CLUTCH,S,6,3000,17,5,A20326,2340
243,22401KVY900,SPRING CLUTCH,S,21,3000,17,5,A20327,2730
244,2251725017NR0,TUBE TIRE (225/250-17),S,1,29000,17,5,,23244
245,22530KPH900,WEIGHT PRIM CLUTCH,S,2,134000,17,5,A10347,104520
246,22535K44V00,WEIGHT SET CLUTCH,S,3,105000,17,5,A10339,81900
247,22535K81N00,WEIGHT SET CLUTCH,S,1,115000,17,5,A3012,89700
248,22535KVB900,WEIGHT SET CLUTCH,S,1,405000,17,5,,315900
249,22535KVY900,WEIGHT SET CLUCTH,S,8,123000,17,5,A30444,95940
250,22535KWN901,WEIGHT SET CLUTCH,S,18,110000,17,5,A30442,85800
251,22535KZLA00,WEIGHT SET CLUTCH,S,3,118000,17,5,A30443,92040
252,22804148000,RUBBER CLUTCH,S,5,2000,17,5,A20369,1560
253,22804GB2880,RUBBER CLUTCH,S,7,3000,17,5,A20368,2340
254,22870K15900,CABLE COMP CLUTCH,S,3,38000,17,5,A20268,29640
255,22870K15920,"CABLE COMP., CLUTCH",S,1,36000,17,5,A20211,28080
256,22870K56N00,"CABLE COMP., CLUTCH",S,2,36000,17,5,A20233,28080
257,22870K56N10,CABLE COMP CLUTCH,S,2,35000,17,5,A10341,27300
258,22870KCJ650,"CABLE COMP,CLUTCH",S,1,34000,17,5,A20261,26520
259,22870KCJ660,CABLE COMP CLUTCH,S,3,35000,17,5,A20262,27300
260,22870KCJ690,"CABLE COMP,CLUTCH",S,2,36000,17,5,A20264,28080
261,22870KCJ760,"CABLE COMP,CLUTCH",S,1,35000,17,5,A20263,27690
262,22870KEH600,CABLE COMP CLUTCH,S,1,43000,17,5,A20265,33540
263,22870KEH900,"CABLE COMP,CLUTCH",S,1,23000,17,5,A20266,17940
264,22870KEH930,"CABLE COMP,CLUTCH",S,1,24000,17,5,A20267,19110
265,22870KWC900,"CABLE COMP,CLUTCH",S,2,24000,17,5,A20254,19110
266,22870KYE900,"CABLE COMP,CLUTCH",S,2,38000,17,5,A20268,29640
267,23100K35V01,BELT DRIVE,S,4,120000,17,5,A10352,93600
268,23100K36J02,BELT DRIVE,S,5,130000,17,5,A20316,101400
269,23100K44V01,BELT DRIVE,S,2,95000,17,5,A30464,74100
270,23100KVB901,BELT DRIVE,S,5,130000,17,5,A20316,101400
271,23100KVBBA0,BELT DRIVE KIT,S,10,158000,17,5,A30451,123240
272,23100KVYBA1,BELT DRIVE KIT,S,11,123000,17,5,A30452,95940
273,23100KZLBA0,BELT DRIVE KIT,S,10,135000,17,5,A30463,105300
274,23100KZR601,"BELT, DRIVE",S,6,139000,17,5,A30464,108420
275,23100KZRBA0,BELT DRIVE KIT,S,12,173000,17,5,A30453,134940
276,23200KVB900,DRIVEN FACE ASSY,S,1,220000,17,5,A20114,171990
277,23205GGC900,FACE SET DRIVEN,S,1,216000,17,5,A20437,168480
278,23205KVY900,FACE SET DRIVEN,S,1,164000,17,5,A20116,127920
279,23224KVY900,FACE SET MOVEABLE,S,1,170000,17,5,A20115,132600
280,23224KZL930,"FACE SET, MOVABLE",S,2,108000,17,5,A20412,84240
281,23233GCC000,SPG DRIVEN FACE,S,4,26000,17,5,A20357,20280
282,23237GCCC50,COLLAR SEAL,S,2,15000,17,5,A10151,12090
283,23238GCC000,COLLAR SPG,S,3,11000,17,5,A10159,8970
284,23411KVG900,SHAFT DRIVE (18T),S,1,129000,17,5,A20418,100620
285,23411KVY900,SHAFT DRIVE,S,1,129000,17,5,A20418,100620
286,23411KZL930,"SHAFT,DRIVE",S,3,129000,17,5,A20418,100620
287,23411KZR600,DRIVESHAFT(17T),S,1,134000,17,5,A20418,104520
288,23421KVB900,SHAFT COUNTER (12T),S,1,98000,17,5,A10152,76440
289,23422KWN901,23422KWN900,S,1,82000,17,5,A20112,64350
290,23801KK1011,SPROCKET DRIVE,S,1,41000,17,5,A10139,31980
291,24435KPK900,24435KPK901,S,1,18000,17,5,A10139,14430
292,24610KPP900,"SPINDLE COMP,GEAR",S,1,113000,17,5,A20361,88140
293,24641KBP900,SP.GRSHFT.ARM,S,10,3000,17,5,A10353,2730
294,24651KSP910,SPRING GEAR SHIFT,S,5,5000,17,5,A10149,4290
295,2751700000NR0,TUBE TIRE (2.75-17),S,23,34000,17,5,,27222
296,28120KVB901,PINION ASSY START,S,2,182000,17,5,A20421,141960
297,28223GCC000,SPRING KICK DRIVEN,S,3,1000,17,5,A10152,1170
298,28223KZL840,SPRING KICK DRIVEN,S,2,2000,17,5,A10167,1560
299,28230KVB902,GEAR COMP KICK,S,2,52000,17,5,A10347,40950
300,28230KZL840,GEAR COMP. KICK,S,2,58000,17,5,A20366,45240
301,28230KZR600,"GEAR COMP., KICK",S,2,56000,17,5,A20366,43680
302,28250KVB902,SPINDLE COMP KICK,S,4,95000,17,5,A20367,74100
303,28250KZR600,"SPINDLE COMP., KICK",S,1,96000,17,5,A20367,74880
304,28281KWB600,SPG KICK RETURN,S,6,7000,17,5,A20126,5460
305,28300KVB900,ARM ASSY KICK,S,2,64000,17,5,A10319,49920
306,28333300000,SPRING KICK STARTER,S,4,500000,17,5,A10164,390000
307,30410KVY960,CDI UNIT,S,1,390000,17,5,A10318,304200
308,30500K07901,COIL ASSY IGN,S,1,78000,17,5,A20335,60840
309,30510KZR601,"COIL COMP., IGNITION",S,1,98000,17,5,A20335,76440
310,30700K13900,CAP ASSY NOISE,S,1,72000,17,5,,56160
311,30700KPH881,CAP ASSY NOISE,S,1,18000,17,5,,14430
312,30700KSPB01,CAP NOISE ASSY,S,2,50000,17,5,A20235,39000
313,30700KVB931,CAP ASSY NOISE,S,2,18000,17,5,A10356,14040
314,30700KVY961,CAP ASSY NOISE,S,2,42000,17,5,A20431,32760
315,30700KWN982,CAP ASSY NOISE,S,2,30000,17,5,A20255,23400
316,30700KWW641,CAP ASSY NOISE,S,3,34000,17,5,A20417,26520
317,30700KZL931,CAP ASSY NOISE,S,2,33000,17,5,A20333,25740
318,30700KZLA01,CAP ASSY NOISE,S,2,33000,17,5,A20231,25740
319,31120K25902,STATOR COMP (DS),S,1,160000,17,5,A20313,124800
320,31120KVB931,STATOR COMP,S,1,189000,17,5,A10313,147420
321,31120KVY961,STATOR COMP,S,1,173000,17,5,A20312,134940
322,31120KWWA81,STATOR COMP,S,1,159000,17,5,A10313,124020
323,31120KYE902,STATOR COMP,S,1,151000,17,5,A3012,117780
324,31213KEE630,BRACKET COMP FR,S,2,183000,17,5,A10314,142740
325,31500KCJFMO,BATTERY GM7B-4B,S,2,293000,17,5,,228540
326,31500KPH881,BATTERY GTZ5S GS,S,5,234000,17,5,,182520
327,31500KWWA02,BATTERY YTZ4-V,S,4,227000,17,5,A10326,177060
328,31500KZR602,BATTERY(GTZ6V),S,5,284000,17,5,A30414,221520
329,31600KRS971,REGULATOR REC COMP,S,2,105000,17,5,A20433,81900
330,31600KTMN01,REGULATOR REC COMP,S,1,241000,17,5,A20434,187980
331,31600KVBN51,REGULATOR REC COMP,S,2,111000,17,5,A20434,86580
332,31600KWW641,REG RECT COMP,S,2,331000,17,5,A20433,258180
333,31916KRM841,SPARK PLUG CPR8EA-9,S,29,13000,17,5,A20141,10140
334,31916KWB601,SPARK PLUG CPR6EA-,S,4,13000,17,5,A20413,10764
335,31926KRM842,SPARK PLUG CPR9EA-9,S,34,17000,17,5,A20142,13650
336,31926KWB601,SPARK PLUG U20EPR9S,S,2,13000,17,5,A10155,10764
337,31926KYT902,SPARK PLUG U27EPR-9,S,4,15000,17,5,A10362,11700
338,31928MFFD01,SPARK PLUG U24EPR9,S,11,13000,17,5,A20143,10140
339,33100K16A01,"LIGHT ASSY, HEAD",S,1,600000,17,5,,468000
340,33100K61900,HEADLIGHT ASSY,S,1,175000,17,5,,136500
341,33110K81N01,UNIT HEAD LIGHT,S,1,110000,17,5,,85800
342,33110KVBN51,HEADLIGHT UNIT,S,1,200000,17,5,A30331,156000
343,33110KVY961,HEADLIGHT UNIT,S,1,115000,17,5,A30331,90090
344,33110KZR601,UNIT HEAD LIGHT,S,1,262000,17,5,,204750
345,33130KEV601,SOCKET COMP,S,3,17000,17,5,A20259,13260
346,33130KVY961,SOCKET COMP,S,4,45000,17,5,A20441,35100
347,33301K07901,BULB POSITION,S,6,7000,17,5,A20156,5850
348,33400KTM850,WINKER ASSY R FR,S,1,40000,17,5,A20212,31200
349,33400KVB931,WINKER ASSY R FR,S,1,45000,17,5,A30302,35100
350,33400KVY961,WINKER ASSY R FR,S,2,31000,17,5,A30302,24180
351,33402KTL691,LENS WINKER R FR,S,1,8000,17,5,A20269,6630
352,33450K15901,WINKER ASSY L FR,S,1,115000,17,5,A20235,89700
353,33450KVB931,WINKER ASSY L FR,S,1,45000,17,5,A3032,35100
354,33452KTL691,LENS WINKER L FR,S,1,8000,17,5,A20269,6630
355,33650K15921,"WINKER ASSY,L RR",S,1,109000,17,5,A20212,85020
356,33650KYE901,"WINKER ASSY,L RR",S,1,115000,17,5,A3032,89700
357,33701K25901,"LENS COMP., TAILLIGHT",S,1,21000,17,5,A10315,16380
358,33701KTL691,LENS TAILLIGHT,S,1,16000,17,5,,12480
359,33701KWWA01,LENS COMB RR,S,5,30000,17,5,A20122,23400
360,33703KTL691,LENS WINKER R RR,S,3,6000,17,5,A20257,4680
361,33703KVLN01,LENS COMB TAILLIGHT,S,1,25000,17,5,A20122,19500
362,33704KVLN01,BASE COMP TAILLIGHT,S,1,65000,17,5,A3012,50700
363,33704KWWA01,BASE COMP TAILLIGHT,S,1,80000,17,5,,62400
364,34901K18901,"BULB,HEAD LIGHT",S,2,54000,17,5,A20154,42120
365,34901KC5003,BULB HEADLIGHT,S,3,125000,17,5,A20152,97500
366,34901KFVB51,BULB HEADLIGHT (12V,S,23,17000,17,5,A30431,13260
367,34901KPH881,BULB HEADLIGHT,S,2,40000,17,5,A20153,31200
368,34901KWR004,BULB HEADLIGHT,S,1,211000,17,5,A20152,164970
369,34901KZL841,"BULB, HEADLIGHT(12V",S,4,80000,17,5,A10153,62400
370,34905GM9003,BULB WINKER,S,9,6000,17,5,A20155,4680
371,34905KANW01,WB BULB (12V10W-,S,7,12000,17,5,A20158,9360
372,34906GB6921,BULB TAILLIGHT,S,7,10000,17,5,A20159,8190
373,34906KET940,BULB TAILLIGHT,S,7,12000,17,5,A20435,9360
374,34908GA7701,BULB W BASE,S,7,4000,17,5,A20157,3120
375,34930KWA930,BULB (12V10W),S,7,15000,17,5,A20156,11700
376,35010KPH900,KEY SET,S,1,113000,17,5,A3032,88140
377,35010KVY960,KEY SET,S,1,200000,17,5,A30302,156000
378,35150KPH880,SWITCH UNIT LIGHTING,S,2,33000,17,5,A10122,25740
379,35160KPH881,SWITCH UNIT START,S,5,29000,17,5,A10121,22620
380,35160KWWA01,SWITCH UNIT START,S,5,26000,17,5,A10154,20280
381,35170K46N01,SWITCH UNIT DIMMER,S,3,25000,17,5,A10169,19500
382,35170K59A11,SWITCH UNIT DIMMER,S,6,25000,17,5,A10134,19500
383,35170kph651,SWITCH UNIT DIMMER,S,7,26000,17,5,A10169,20280
384,35170KWWA01,SWITCH UNIT DIMMER,S,8,20000,17,5,A20258,15600
385,35170KYZ901,SWITCH UNIT DIMMER,S,5,15000,17,5,A10119,11700
386,35180KPH881,SWITCH UNIT HORN,S,6,29000,17,5,A10127,22620
387,35180KWWA01,SWITCH UNIT HORN,S,6,26000,17,5,A10161,20280
388,35190KWN902,"SW UNIT, IDLE",S,2,40000,17,5,A10158,31200
389,35200K03N31,"SW UNIT,WINKER",S,1,25000,17,5,A10123,19500
390,35200K47N01,"SWITCH UNIT, WINKER",S,1,18000,17,5,A3012,14040
391,35200KPH901,SWITCH UNIT WINKER,S,2,41000,17,5,A10123,31980
392,35200KVB851,SWITCH UNIT WINKER,S,6,30000,17,5,A20234,23400
393,35200KVB900,SWITCH UNIT WINKER,S,2,30000,17,5,A10125,23400
394,35200KWWA01,SWITCH UNIT WINKER,S,2,30000,17,5,A10129,23400
395,35200KYZ901,SWITCH UNIT WINKER,S,6,28000,17,5,A10113,21840
396,35340GW3980,SWITCH FR STOP,S,3,55000,17,5,A10126,42900
397,35345GW0900,SWITCH FR STOP,S,15,11000,17,5,A20217,8580
398,35700KVY900,SWITCH ASSY SIDE,S,1,230000,17,5,A20234,179400
399,35850K18901,"SWITCH ASSY.,",S,1,55000,17,5,A20448,42900
400,36532K18901,SENSOR OXYGEN,S,1,320000,17,5,A10338,249600
401,37100KCJ691,"METER ASSY,COMB",S,1,1000,17,5,A30331,1365000
402,37200K16A01,SPEEDOMETER ASSY.,S,1,309000,17,5,A30331,241020
403,37200KWW911,SPEEDOMETER ASSY,S,1,360000,17,5,A30131,280800
404,37211KVB901,LENS,S,1,19000,17,5,A30302,14820
405,37211KVBT01,LENS,S,1,20000,17,5,A30302,15990
406,37224KWWA01,SOCKET COMP,S,1,152000,17,5,,118560
407,37800K03H01,FUEL UNIT,S,1,96000,17,5,A30331,75270
408,37800k16901,FUEL UNIT,S,1,83000,17,5,A10364,64740
409,37800KCJ661,FUEL UNIT,S,1,117000,17,5,A30331,91260
410,37800KPH901,FUEL UNIT,S,1,76000,17,5,A3033,59280
411,37800KVY961,FUEL UNIT,S,2,58000,17,5,A30461,45240
412,37800KWB920,FUEL UNIT,S,2,66000,17,5,A10337,51480
413,37800KWWA81,FUEL UNIT ASSY,S,1,52000,17,5,A10364,40560
414,37800KZR601,FUEL UNIT,S,1,70000,17,5,A30331,54600
415,38110KTM851,HORN COMP (HIGH),S,8,33000,17,5,A20445,25740
416,38300KRS971,RELAY ASSY WINKER,S,1,37000,17,5,A20117,28860
417,38301K16901,RELAY COMP WINKER,S,2,30000,17,5,A10363,23400
418,38501kvb901,"RELAY COMP,START",S,1,36000,17,5,A20211,28080
419,38501KVZ631,"RELAY COMP,START",S,1,20000,17,5,A20413,15990
420,38770K25901,PGM-FI UNIT,S,1,512000,17,5,,399360
421,38770K33N03,UNIT COMP PGM-FI,S,1,1000,17,5,A10369,858000
422,40510K15920,"CASE,DRIVE CHAIN",S,1,41000,17,5,A3012,31980
423,41201GN5900,SPROCKET DRIVEN,S,1,75000,17,5,A20111,58500
424,41201KPH882,SPROCKET DRIVEN 35T,S,1,61000,17,5,A20111,47580
425,41241307012,"DAMPER,RR WHEEL SET",S,3,38000,17,5,A20139,29640
426,41241GB4770,DAMPER RR SET,S,4,10000,17,5,A20139,7800
427,41241KFL850,DAMPER RR SET,S,3,11000,17,5,,8970
428,41241KSP900,DAMPER RR WHEEL,S,2,27000,17,5,A10368,21060
429,41241KW7881,RUBBER DAMPER RR,S,6,19000,17,5,,15210
430,41241KWB601,DAMPER WHEEL SET,S,4,14000,17,5,,11310
431,42301KWB600,AXLE RR WHEEL,S,2,21000,17,5,A10336,16380
432,42701KVG900,RIM RR WHEEL,S,2,240000,17,5,,187200
433,42711K46N00,TIRE RR (90/90-,S,1,192000,17,5,,149760
434,42711K56N00,"TIRE, RR",S,1,250000,17,5,A30101,195000
435,42711K59A12,TIRE RR (90/90-14,S,2,217000,17,5,A30111,169260
436,42711KTM850,"TIRE, RR (80/90-17",S,1,184000,17,5,A30101,143910
437,42711KWB922,"TIRE, RR (80/90-17",S,1,203000,17,5,A30111,158340
438,42711KWW010,"TIRE, RR (80/90-17",S,3,184000,17,5,A30101,143910
439,42711KYE911,tire rr (100/90-17nr25),S,1,310000,17,5,,241800
440,43001K56F00,HAND GUARD GTR,A,2,340000,17,5,,265200
441,43111K56F00,REAR CARRIER GTR,A,3,375000,17,5,,292500
442,43125KGA902,SHOE COMP BRAKE (NA),S,3,47000,17,5,A20455,37050
443,43125KPH903,SHOE COMP BRAKE (NA),S,12,33000,17,5,A30233,26130
444,43130KZL930,BRAKE SHOE,S,60,46000,17,5,A30232,36270
445,43251KCJ672,DISK RR BRAKE ,S,1,165000,17,5,A30301,128700
446,43351KTMN31,DISK RR BREAKE,S,1,130000,17,5,A30311,101400
447,43450K46N01,CABLE COMP RR BRK,S,1,75000,17,5,A10363,58500
448,43450KVB930,"CABLE COMP,RR BRK",S,2,54000,17,5,A20248,42120
449,43450KVY900,"CABLE COMP,RR BRK",S,1,52000,17,5,A20241,40560
450,43450KZR611,CABLE COMP RR BRK,S,1,60000,17,5,A10312,46800
451,43472KVB900,SPRING RR BRAKE ARM,S,4,1000,17,5,A10353,780
452,43513KBP882,CAP M/C,S,1,32000,17,5,A3012,24960
453,44301GN5900,AXLE FR WHEEL,S,2,17000,17,5,A20118,13260
454,44301KVG950,AXLE FR WHEEL,S,5,18000,17,5,A20118,14040
455,44601KVB911,HUB FR WHEEL,S,1,150000,17,5,A30131,117000
456,44601KWC901,"CAST, WHEEL FR (MA AX",S,1,625000,17,5,,487500
457,44650K81N00ZA,"WHEEL SUB ASSY,",S,1,569000,17,5,,443820
458,44680KSPB00,RETAINER GEAR BOX,S,7,2000,17,5,A10343,1950
459,44711K56N00,"TIRE, FR",S,1,200000,17,5,A30101,156000
460,44711K59A12,TIRE FR (80/90-14,S,3,189000,17,5,A30101,147420
461,44711KTM850,"TIRE, FR (70/90-17",S,4,143000,17,5,A30101,111540
462,44711KWB922,"TIRE, FR (70/90-17",S,5,155000,17,5,A30111,120900
463,44711KWW010,"TIRE, FR (70/90-17",S,2,143000,17,5,A30101,111540
464,44711KYE911,TIRE FR,S,1,201000,17,5,,156780
465,44712KZT901,"TUBE, TIRE",S,2,32000,17,5,A30413,25272
466,44800K25900,"BOX ASSY.,",S,5,40000,17,5,A20215,31200
467,44800KVB910,BOX SPEEDOMETER,S,5,65000,17,5,A20251,50700
468,44800KWW650,GEAR BOX ASSY SPDMT,S,6,34000,17,5,A20427,26910
469,44830KCJ650,"CABLE ASSY.,SPDMT",S,1,26000,17,5,A20247,20670
470,44830KEV651,SPEEDOMETER CABLE,S,1,20000,17,5,A20244,15600
471,44830KEV881,SPEEDOMETER CABLE,S,8,17000,17,5,A20246,13650
472,44830KTL690,CABLE COMP,S,2,24000,17,5,A20243,18720
473,44830KTM880,"CABLE COMP, SPDMT",S,6,23000,17,5,A20249,17940
474,44830KVBT00,"CABLE COMP,SPDMT",S,1,25000,17,5,A20242,19500
475,44830KVY721,"CABLE COMP,SPDMT",S,11,22000,17,5,A30441,17160
476,44830KW1900,"CABLE,SPEEDOMTR",S,1,23000,17,5,A20247,17940
477,44830KWB940,"CABLE COMP,SPDMT",S,2,25000,17,5,A20218,19500
478,44830KWWA00,"CABLE COMP, SPDMT",S,3,23000,17,5,A20245,17940
479,44830KWWA82,"CABLE COMP., SPDMT",S,2,22000,17,5,A10311,17550
480,45120001011,BRAKE SHOE (NA),S,18,32000,17,5,A30234,25350
481,45251K15901,DISK FR BRAKE (SS),S,1,195000,17,5,A30301,152100
482,45251KPH881,DISK FR BRAKE,S,1,145000,17,5,A30311,113100
483,45251KWB921,DISK FR BRAKE,S,1,145000,17,5,A30311,113100
484,45530471831,"CYLINDER SET,MAS",S,1,72000,17,5,A10138,56160
485,45530KET920,CYLINDER SET MASTER,S,4,68000,17,5,A10166,53040
486,45530KVY911,CYLINDER SET MASTER,S,5,68000,17,5,A10157,53040
487,46500K07900,PEDAL COMP. BRAKE,S,1,50000,17,5,A30311,39000
488,50260K15900ZD,SHROUD R(BLK),S,1,113000,17,5,,88140
489,50290KCJ650,SHROUD L INNER,S,1,14000,17,5,A30302,10920
490,50352KVB900,RUBBER LINK STOPPER,S,2,6000,17,5,A10135,4680
491,5038AKVBN50,BOX ASSY BATTERY,S,1,89000,17,5,A30301,69420
492,50415KYT940,CAP REAR GRAB END,S,1,1000,17,5,A20213,1170
493,50503KVY900,SHAFT MAIN STAND,S,5,12000,17,5,A20353,9750
494,50520KVB900,SPRING MAIN STAND,S,2,3000,17,5,A10329,2730
495,50530K25900,BAR COMP SIDE STAND,S,1,22000,17,5,A20317,17160
496,50603033010,"PIN,STEP BAR JOINT",S,2,25000,17,5,A20361,19500
497,50605KVLT30,HOLDER R PILLION STEP,S,1,174000,17,5,A30311,135720
498,50610K15900,"RUBBER,MAIN STEP",S,2,20000,17,5,A10165,15990
499,50613K15900,"PLATE, STEP SETTING",S,1,8000,17,5,A20362,6630
500,50614K15900,"PLATE,MAIN STEP CLICK",S,2,7000,17,5,A20213,5850
501,50615K84A00,HEEL GUARD,A,2,180000,17,5,,140400
502,50650KGH600,HOLDER R MAIN STEP,S,1,95000,17,5,A30301,74100
503,50706K41N00ZA,GUARD L PIVOT COVER,S,1,11000,17,5,A3032,8580
504,5071AK25900,BAR R PILLION STEP,S,1,22000,17,5,A10124,17550
505,5071BK25900,BAR L PILLION STEP,S,1,22000,17,5,A10124,17550
506,51401KPH971,SPRING FR FORK,S,2,17000,17,5,A20129,13260
507,51401KVB901,SPRING FR,S,2,17000,17,5,A20438,13650
508,51401KVBT01,SPRING FR FORK,S,2,21000,17,5,A20439,16380
509,51401KWW641,SPRING FR FORK,S,1,18000,17,5,A20452,14430
510,51401KYE901,SPRING FR FORK,S,2,29000,17,5,A30301,22620
511,51410K15901,PIPE COMP FR FORK,S,1,230000,17,5,A20318,179400
512,51410K18901,PIPE COMP FR FORK,S,1,218000,17,5,A30301,170040
513,51410K45N01,PIPE COMP FR FORK,S,1,240000,17,5,A30301,187200
514,51410KTM881,PIPE COMP FR FORK,S,2,132000,17,5,A20318,103350
515,51410KVB901,PIPE COMP FR FORK,S,3,132000,17,5,A20318,103350
516,51410KVY731,PIPE COMP FR FORK,S,2,132000,17,5,A20318,103350
517,51410KZLA01,PIPE COMP FR FORK,S,8,138000,17,5,A20318,107640
518,51420KVY871,CASE R FR BOTTOM (MA,S,1,165000,17,5,A30311,128700
519,51420KZR600,CASE R FR BOTTOM,S,1,163000,17,5,A30331,127140
520,51425GN5901,DUST SEAL FR FORK,S,1,19000,17,5,,14820
521,51490gaa305,SEAL SET FR FORK,S,3,43000,17,5,A10168,33540
522,51490GN5305,SEAL SET FR FORK,S,6,40000,17,5,A20126,31200
523,51490KC5305,SEAL SET FR FORK,S,3,32000,17,5,A10168,25350
524,51490KGH902,SEAL SET FR FORK,S,3,37000,17,5,A20333,28860
525,51490KRM852,SEAL SET FR FORK,S,8,78000,17,5,A20124,60840
526,52400K25901,CUSHION ASSY RR,S,1,207000,17,5,A3033,161460
527,52400KEV882,CUSHION ASSY RR,S,2,140000,17,5,A30462,109200
528,52400KPH720,CUSHION ASSY RR,S,1,201000,17,5,A3033,156780
529,52400KVY961,CUSHION ASSY RR,S,3,232000,17,5,A30214,180960
530,52400KZLA01,CUSHION ASSY RR,S,1,212000,17,5,A3033,165360
531,52400KZR600,CUSHION ASSY RR,S,1,221000,17,5,A30331,172380
532,5240AKTM850ZB,CUSHION ASSY RR (SET),S,1,360000,17,5,A30331,280800
533,53100K15900,PIPE STRG HANDLE,S,1,62000,17,5,A30311,48360
534,53100K15920ZA,PIPE STEERING HANDLE,S,1,55000,17,5,A30301,42900
535,53100K25910,PIPE COMP STEERING,S,1,95000,17,5,A30311,74100
536,53100KVBN60,PIPE COMP STRG HDL,S,1,131000,17,5,A30311,102180
537,53100KWB920,PIPE COMP STRG,S,2,132000,17,5,A30311,102960
538,53100KZR600,PIPE COMP STRG HAND,S,1,145000,17,5,A30311,113100
539,53105KRC900,ENDSTRG HDL,S,6,1000,17,5,A10136,1170
540,5310BK25900,PIPE ASSY STRG,S,1,116000,17,5,A30311,90480
541,53140K03N30,"GRIP COMP, THROT",S,1,10000,17,5,A20426,7800
542,53140KVB900,GRIP COMP THROT,S,2,17000,17,5,A20426,13260
543,53140KVBT00,GRIP COMP THROT,S,2,12000,17,5,A20426,9750
544,53166K07900,GRIP L HDL,S,1,10000,17,5,A20425,7800
545,53166KSPA70,GRIP L HDL,S,1,11000,17,5,A20123,8580
546,53166KVB900,GRIP L HDL,S,1,11000,17,5,A20425,8970
547,53166KWB600,GRIP L HDL,S,2,10000,17,5,A20425,7800
548,53175KEH601,LEVER R STRG HDL,S,2,20000,17,5,A10342,15600
549,53175KET920,LEVER R HANDLE,S,2,62000,17,5,A10342,48360
550,53175KRST80,LEVER R STRG HDL,S,2,37000,17,5,A20345,28860
551,53175KSPB51,LEVER R STRG HNDL,S,2,32000,17,5,A20346,24960
552,53175KVB921,LEVER R STRG HDL,S,1,62000,17,5,A20348,48360
553,53175KVB930,LEVER R STRG HANDLE,S,2,74000,17,5,A20347,57720
554,53175KVGA21,LEVER R STRG HDL,S,2,48000,17,5,A20342,37440
555,53175KWN901,"LEVER,R STRG HNDL",S,3,98000,17,5,A20342,76440
556,53178K25910,LEVER L STRG HANDLE,S,2,26000,17,5,A20341,20280
557,53178K59A10,"LEVER L,STRG HANDLE",S,3,32000,17,5,A20344,24960
558,53178KEH601,LEVER COMP L HDL,S,2,26000,17,5,A20346,20280
559,53178KVB900,LEVER L STRG HDL,S,3,25000,17,5,A20119,19500
560,53178KVB930,LEVER L STRG HDL,S,4,40000,17,5,A20119,31200
561,53178KVBN60,LEVER L STRG HANDLE,S,3,48000,17,5,A20453,37440
562,53178KVGA20,"LEVER,L STRG HANDLE",S,1,96000,17,5,A20343,74880
563,53178KWC900,LEVER L STRG HDL,S,2,40000,17,5,A20348,31200
564,53178KWN930,"LEVER,L STRG HANDLE",S,2,61000,17,5,A20343,47580
565,53178KYT900,LEVER L STRG HDL,S,2,28000,17,5,A20344,21840
566,53199KVG910,SPRING BRAKE LEVER,S,5,3000,17,5,A10158,2340
567,53200KVY720,STEM COMP STRG (BLK),S,1,372000,17,5,A30311,290160
568,53203K07900ZD,COVER R HDL TOP(AF,S,1,36000,17,5,,28080
569,53204K07900ZD,COVER L HDL TOP(AF,S,1,36000,17,5,,28080
570,53205K25900CSR,COVER HDL FR(CN SC,S,1,124000,17,5,A30102,96720
571,53205K46N00CSR,COVER HDL FR(CN SC,S,1,133000,17,5,,103740
572,53205KPH700FMB,COVER HDL FR(BLACK),S,1,176000,17,5,,137280
573,53205KPH700FMH,COVER HDL FR(SLV),S,1,197000,17,5,,153660
574,53205KTL690FMB,COVER HDL FR(BLK)DR,S,1,84000,17,5,,65520
575,53205KVB930DSM,COVER HDL FR (DG SL,S,1,124000,17,5,,96720
576,53205KVBT00dsm,COVER HDL FR(DG SL,S,1,128000,17,5,A3032,99840
577,53206K59A10ZA,COVER HDL. RR.,S,1,35000,17,5,A3032,27300
578,53206K81N00ZA,COVER HANDLE RR,S,1,25000,17,5,A3012,19500
579,53206k81n10ZA,COVER HANDLE RR,S,1,20000,17,5,,15600
580,53206KVBN50DSM,COVER HDL RR(DG SL,S,1,141000,17,5,,109980
581,53206KWB920,COVER ASSY HDL RR,S,3,25000,17,5,A3032,19500
582,53206KWC900,COVER HDL LWR,S,1,28000,17,5,A30321,21840
583,53207KVLN01FMB,COVER SPDMTR(BK)-R,S,1,44000,17,5,A3012,34320
584,53207KVLN01PFY,COVER SPDMTR(PL FL,S,1,61000,17,5,,47580
585,53208KYT900TBT,GARNISH L HDL(TI BE,S,1,15000,17,5,A20253,11700
586,53209GAH000,CLIP HEADLIGHT,S,4,3000,17,5,A10137,2340
587,5320BKVB930,COVER ASSY HDL RR,S,1,77000,17,5,,60060
588,53220GN5900,THREAD HEAD TOP,S,4,21000,17,5,A20213,16380
589,61100K15900ZD,FENDER FR(CN PM RD),S,1,226000,17,5,A30302,176280
590,61100K16900ZP,FENDER FR(CN SC RD),S,1,249000,17,5,,194220
591,61100K18900ZD,FENDER FR(BLK),S,1,184000,17,5,,143520
592,61100K46N00ZB,FENDER FR(PL FD WH),S,1,185000,17,5,A3012,144300
593,61100K61900ZC,FENDER FR (BLK),S,3,127000,17,5,,99060
594,61100KEH930FMM,FENDER FR (BLU),S,1,136000,17,5,,106080
595,61100KVY960ABM,FENDER FR(AS BL MT),S,1,124000,17,5,,96720
596,61100KVY960FMB,FENDER FR(BLK),S,1,108000,17,5,A3032,84240
597,61100KVY960PPM,FENDER FR(PD PK MT),S,2,216000,17,5,,168480
598,61100KWWA00FMB,FENDER A FR(BK),S,1,133000,17,5,,103740
599,61303K18900ZA,COWL L FR SD(VO SL,S,1,53000,17,5,,41340
600,6130AK18900,VISOR FR ASSY,S,1,40000,17,5,,31200
601,61311KCJ660,STAY HEADLIGHT,S,1,49000,17,5,A30311,38610
602,61313KCJ660ZA,BRACKET R HEADLIGHT,S,1,34000,17,5,A20362,26520
603,61314KCJ660ZA,BRACKET L HEADLIGHT,S,1,34000,17,5,A20362,26520
604,61315KCJ660,STAY VISOR,S,1,61000,17,5,A30311,47580
605,61401K56F00,FR FORK PROTECTOR,A,2,96000,17,5,,74880
606,64100KCJ660,VISOR SET FR,S,2,33000,17,5,A3032,25740
607,64300K15BLA,UNDERCOWL SET,A,1,290000,17,5,,226200
608,64300K61A00,RUBBER STEP FLOOR,A,2,180000,17,5,,140400
609,64301k46n00csr,COVER FR TOP(CN SC,S,1,182000,17,5,,141960
610,64305K81H00ZA,COVER FR TOP GREEN,S,1,25000,17,5,A3032,19500
611,64308KZR600ZB,CVR FR LOWER BLK,S,1,77000,17,5,A30102,60060
612,6430AK15RWH,UNDERCOWL RWHITE,A,4,200000,17,5,,156000
613,6430BKVB900,COVER SET L FLOOR SD,S,1,39000,17,5,,30420
614,64310KVBN50,STEP SET FLOOR,S,1,100000,17,5,,78000
615,6431BK07900,COVER M/P SET,S,1,135000,17,5,,105300
616,64320K46N00,COVER R FLOOR SD,S,1,39000,17,5,,30420
617,64320KTL690FMB,COVER M/P UPPER(BLK),S,1,81000,17,5,A3032,63180
618,6432AK45BLA,Under Grill Cover,A,1,150000,17,5,,117000
619,64330K07900ZB,COVER L M/P SD(ST SL,S,1,331000,17,5,A30321,258180
620,64340K07900ZA,COVER CENTER,S,1,17000,17,5,A30321,13260
621,64340kyt900,COVER UNDER ASSY,S,1,89000,17,5,,69420
622,64360K07900ZB,COVER L INNER LEG,S,1,11000,17,5,,8580
623,64395KWC900CSR,COVER UTI LID(CN SC,S,1,51000,17,5,,39780
624,64400KVLN00FMB,COVER R M/P (BK)-R,S,1,203000,17,5,,158340
625,64405KVLN00FMB,LOUVER R(BK),S,1,76000,17,5,,59280
626,64410KWWA00FMB,COVER R BODY(BK),S,1,240000,17,5,,187200
627,64420KWWA00CSR,COVER L BODY(CN SC,S,1,334000,17,5,,260520
628,64430KTL690FMH,SHIELD R LEG(SLV),S,1,155000,17,5,,120900
629,64440KVLN00,COVER L FR LEG SHIELD,S,2,86000,17,5,,67080
630,64450K84A00,SKID PLATE,A,2,330000,17,5,,257400
631,64455KVLN00FMB,LOUVER L(BK),S,1,76000,17,5,,59280
632,64460K25600,"LID,BATTERY",S,2,12000,17,5,A3032,9360
633,64470KWC900,COVER HEAD LGHT UP,S,1,16000,17,5,,12480
634,64500KWB920FMB,COVER FR TOP(BK),S,1,183000,17,5,,142740
635,64501K46N00CSR,COVER R FR(CN SC RD),S,1,114000,17,5,,88920
636,64560K03N30ZA,COVER R BODY LWR,S,4,19000,17,5,A30321,14820
637,64601K46N00CSR,COVER L FR(CN SC RD),S,1,114000,17,5,,88920
638,65300K81000,DOUBLE STEP FLOOR,A,2,220000,17,5,,171600
639,6535041010,RACE STEERING KIT,\N,6,90000,17,5,,70200
640,77200KWWA40,SEAT ASSY DOUBLE,S,1,162000,17,5,,126360
641,8010AK41N00ZA,FENDER RR ASSY,S,1,86000,17,5,A30321,67080
642,8010AKYT940,FENDER RR ASSY,S,1,92000,17,5,,71760
643,80131KZL930,COVER L RR WINKER,S,1,5000,17,5,A3012,3900
644,81131KYT900PFW,COVER INR RACK(PL FD,S,1,153000,17,5,,119340
645,81132GAH000,HOOK LUGGAGE,S,8,1000,17,5,A20112,1170
646,81134K16900YF,COVER INR UPPER (BLK),S,1,44000,17,5,A3012,34320
647,8114AK59A10ZB,COVER INNER LWR ASSY,S,1,94000,17,5,,73320
648,83450K15G0BLA,Single Seat Cowl BLACK,A,2,360000,17,5,,280800
649,83450K15G0WHI,Single Seat Cowl WHITE,A,2,360000,17,5,,280800
650,83450K45GRED,Single Seat Cowl RED,A,1,650000,17,5,,507000
651,83450K45GWHI,Single Seat Cowl WHITE,A,1,650000,17,5,,507000
652,83500K25900CSR,COVER R BODY(CN SC,S,1,264000,17,5,,205920
653,83500K25900FMB,COVER R BODY(BLK),S,1,186000,17,5,,145080
654,83500K45GBLA,KIT Fender Eliminator,A,1,520000,17,5,,405600
655,83500K81N00FMB,COVER R BODY (BLK),S,1,240000,17,5,A3032,187200
656,83500KVY960PPM,COVER R BODY(PD PK,S,1,204000,17,5,,159120
657,83510KWC900CSR,COWL RR CTR(CN SC,S,1,44000,17,5,,34320
658,83510KWC900DSM,COWL RR CTR(DG SL,S,1,41000,17,5,,31980
659,83520KZL930ZA ,COVER R FLOOR SD,S,1,36000,17,5,,28080
660,83540KCJ660ZA,COVER R SD(SH SL MT),S,1,101000,17,5,,78780
661,83600K25900pfw,COVER L BODY(PL FD,S,1,188000,17,5,A3012,146640
662,83600K93N00ZA,COVER L BODY,S,1,395000,17,5,A3032,308100
663,83650K25900ZA,COVER L RR SIDE,S,1,17000,17,5,A30302,13260
664,87100AHARWBL,HELMET HRC RWB L,A,1,360000,17,5,,280800
665,87100AHARWBXL,HELMET HRC RWB XL,A,1,360000,17,5,,280800
666,87100HFHCM,HONDA CLASSIC,A,1,230000,17,5,,179400
667,87100MHRRXL,Honda RRX Helmet (L),A,1,599000,17,5,,467220
668,87100MHRRXXL,Honda RRX Helmet (XL),A,1,599000,17,5,,467220
669,87100MXCRFL,HONDA CRF HELMET (L),A,1,350000,17,5,,273000
670,87100MXCRFXL,HONDA CRF HELMET,A,1,350000,17,5,,273000
671,871X0K16A10ZCL,STRIPE CREAM RED L,S,1,65000,17,5,,50700
672,871X0K16A10ZCR,STRIPE CREAM RED R,S,1,65000,17,5,,50700
673,871X0K25900ZCR,STRIPE RED R,S,1,65000,17,5,,50700
674,871X0K46N00ZBL,STRIPE RED L,S,1,100000,17,5,,78000
675,871X0K46N00ZBR,STRIPE RED R,S,1,100000,17,5,,78000
676,871X0K56A00MGT,STICKER FR FENDER,A,1,35000,17,5,,27300
677,871X0K56A00RED,STICKER FR FENDER,A,1,35000,17,5,,27300
678,871X0K56A00WHI,STICKER FR FENDER,A,1,35000,17,5,,27300
679,871X0K56FGRE,WHEEL STICKER GREY,A,1,56000,17,5,,43680
680,871X0K56FYEL,WHEEL STICKER,A,3,56000,17,5,,43680
681,871X0K61ARTBA,STICKER B POP ART,A,2,50000,17,5,,39000
682,871X0K61ARTMA,STICKER B POP ART,A,2,50000,17,5,,39000
683,871X0K61BLA,STICKER BEAT POP,S,3,50000,17,5,,39000
684,871X0K61PIXBA,STICKER B POP PIXEL,A,2,50000,17,5,,39000
685,871X0K61PIXRE,STICKER B POP PIXEL,A,1,50000,17,5,,39000
686,871X0K61RED,STICKER BEAT POP RED,S,2,50000,17,5,,39000
687,871X0K61WHI,STICKER BEAT POP,S,2,50000,17,5,,39000
688,871X0K6ARTBL,STICKER B POP ART,A,2,50000,17,5,,39000
689,871X0K81ARED,WHEEL STICKER RED,A,1,56000,17,5,,43680
690,871X0K93A00WHI,WHEEL STICKER WHT,A,1,58000,17,5,,45240
691,871X0KVBN60ZBL,STRIPE WHITE RED L,S,1,110000,17,5,,85800
692,871X0KVY600ZAL,STRIPE BLACK L,S,1,65000,17,5,,50700
693,871X0KVY600ZE,STRIPE PINK L,S,1,65000,17,5,,50700
694,871X0KVYB10ZBL,STRIPE WHITE L,S,1,65000,17,5,,50700
695,871X0KVYB10ZBR,STRIPE WHITE R,S,1,65000,17,5,,50700
696,871X0KWC910ZBL,STRIPE RED BLACK L,S,1,70000,17,5,,54600
697,871X0KWC910ZBR,STRIPE RED BLACK R,S,1,70000,17,5,,54600
698,871X0KWWA10ZCL,STRIPE RED L,S,1,115000,17,5,,89700
699,871X0KWWA40Z,STRIPE BLACK RED L,S,1,115000,17,5,,89700
700,871X0KYT940ZCL,STRIPE VIOLET WHITE L,S,1,60000,17,5,,46800
701,871X0KYT940ZCR,STRIPE VIOLET WHITE R,S,1,60000,17,5,,46800
702,871X0KYZ710ZAL,STRIPE RED BLACK R,S,1,110000,17,5,,85800
703,871X0KYZ710ZAR,STRIPE RED BLACK R,S,1,110000,17,5,,85800
704,871X0KZS930ZAL,STRIPE BLACK RED L,S,1,100000,17,5,,78000
705,871X0SPTRED,Wheel Sticker Sport Red,A,1,50000,17,5,,39000
706,88110K25900,"MIRROR ASSY,R BACK",S,3,37000,17,5,A20461,28860
707,88110K61900,"MIRROR ASSY,R BACK",S,2,37000,17,5,A20432,28860
708,88110kcj660,MORROR ASSY R BACK,S,2,46000,17,5,A3033,35880
709,88110KCJ690,MIRROR R BACK,S,2,29000,17,5,"A3,01,2",22620
710,88110KVY700,MIRROR ASSY R BACK,S,3,26000,17,5,A20464,20280
711,88110kwwa00,MIRROR ASSY R BACK,S,1,45000,17,5,A20465,35100
712,88110KWWA40,MIRROR ASSY R BACK,S,2,31000,17,5,A10324,24180
713,88110KYT940FMB,MIRROR ASSY R BLACK,S,2,38000,17,5,A3013,30030
714,88110KZR600,MIRROR ASSY R,S,1,39000,17,5,A20468,30420
715,88120K25900,"MIRROR ASSY,L BACK",S,3,37000,17,5,A20463,28860
716,88120K61900,"MIRROR ASSY,L BACK",S,3,37000,17,5,A10321,28860
717,88120KCJ660,MIRROR ASSY L BACK,S,1,46000,17,5,A30331,35880
718,88120KCJ690,MIRROR L BACK,S,1,29000,17,5,A3033,22620
719,88120KTM780FMB,MIRROR ASSY L BLACK,S,1,51000,17,5,,39780
720,88120KVY700,MIRROR ASSY L BACK,S,5,26000,17,5,A20462,20280
721,88120KVY960,MIRROR ASSY L BACK,S,1,37000,17,5,A30331,28860
722,88120KWWA40,MIRROR ASSY L BACK,S,1,31000,17,5,A20466,24180
723,88120KYT940FMB,MIRROR ASSY L BLACK,S,2,37000,17,5,,29250
724,90001KVY900,BOLT FLANGE 6X10,S,1,1000,17,5,A10146,780
725,90017GCC000,BOLT HEAD COVER,S,7,2000,17,5,A10332,1950
726,90084KCJ670,CAP A.C. GENERATOR,S,2,4000,17,5,A10352,3120
727,90108K15900,"BOLT,SPECIAL 5X14",S,4,4000,17,5,A10146,3120
728,90131883000,BOLT DRAIN PLUG,S,19,2000,17,5,A10154,1950
729,90202KN7670,NUT SPECIAL 30MM,S,2,9000,17,5,A20216,7410
730,90311K15900,"COLLAR,6MM",S,2,2000,17,5,A20216,1950
731,90664kej900,CIRCLIP EX 53,S,1,10000,17,5,A10166,8190
732,91001KSP913,BEARING ROLLER,S,1,142000,17,5,A20349,110760
733,91002KPH901,AHB6322,S,1,75000,17,5,A10118,58500
734,91002KVY901,BRG BALL RADIAL 6007,S,2,39000,17,5,A20311,30420
735,91005KVB900,BEARING RADIAL BALL,S,6,103000,17,5,A20349,80340
736,91009KVB903,"BRG,BALL RADIAL 60/22",S,6,37000,17,5,A10132,29250
737,91009KVY961,BRG BALL RADIAL,S,2,26000,17,5,,20280
738,91071KSP901,BRG.NEEDLE 20X26X20,S,4,25000,17,5,A10368,19500
739,91109KVY901,BRG NEEDLE 20X29X18,S,4,30000,17,5,A20321,23400
740,91201GB4691,"OIL SEAL, 30X42X4.5",S,12,4000,17,5,A10147,3120
741,91201GCC771,OIL SEAL 16X26X7,S,5,4000,17,5,A10156,3120
742,91201K44V01,"OIL SEAL,20.8X30.5X6",S,3,3000,17,5,A10132,2730
743,91201KCW851,OIL SEAL 19.8 X 30 X 7,S,4,7000,17,5,A10361,5460
744,91202302010,"OIL SEAL,13.8 X 24 X 5",S,8,2000,17,5,A10143,1560
745,91202GB4692,"OIL SEAL, 18.9X28X5",S,4,3000,17,5,A10134,2340
746,91202KJ9003,OIL SEAL 20X32X6,S,9,6000,17,5,A10148,5070
747,91202KVB901,OIL SEAL 20.8X52X7.5,S,12,6000,17,5,A10141,4680
748,91202KWN902,91202KWN901,S,4,5000,17,5,A10148,3900
749,91203436004,OIL SEAL 12X24X 5,S,1,5000,17,5,A10362,4290
750,91203KSP911,"OIL SEAL,14X22X5",S,3,4000,17,5,A10112,3510
751,91204K35J01,OIL SEAL 34X52X7,S,2,43000,17,5,A10117,33540
752,91204KWN901,"OIL SEAL,34X52X7",S,5,5000,17,5,A10158,3900
753,91206286014,"OIL SEAL, 14x28x7",S,2,4000,17,5,A10163,3120
754,91211GK8013,OIL SEAL 34X39X3,S,5,7000,17,5,A10115,5850
755,91211KN7671,SEAL DRIVEN FACE,S,5,9000,17,5,A10145,7020
756,91211PE9003,"OIL SEAL, 16X26X6",S,7,5000,17,5,A10133,3900
757,91251KPH901,DUST SEAL 21 X 37 X 7,S,2,4000,17,5,A10142,3510
758,91252KZR601,"DUST SEAL, 25X40X5",S,1,7000,17,5,A10162,5460
759,91253KZR601,"DUST SEAL, 25X35X6",S,2,8000,17,5,A10131,6240
760,91255KVB902,OIL SEAL 29X44X7,S,5,4000,17,5,A10144,3120
761,91372KPH900,"O-RING, TAPP ADJ",S,5,15000,17,5,A10344,11700
762,91600K84A00,REAR RACK,A,2,340000,17,5,,265200
763,91700K84A00,BAR PAD,A,2,100000,17,5,,78000
764,92501060160A,"BOLT,HEX,CAP 6X16",S,2,4000,17,5,A10146,3120
765,9410208000,"WASHER,PLAIN 8MM",S,2,2000,17,5,A20216,2106
766,9420120150,PIN COTTER 2.0X15,S,2,3000,17,5,A20216,2340
767,9501421201,"HOLDER A2,HANDLE",S,2,55000,17,5,A20127,42900
768,9501472102,SPRING A SIDE STAND,S,7,3000,17,5,A20127,2730
769,961506303010,"BEARING, BALL RADIAL,",S,2,38000,17,5,,30030
770,9621108000,"BALL,STEEL 8",S,4,2000,17,5,A10146,1560
771,9805657723,SPARK PLUG U22FSU (DS),S,9,12000,17,5,A20144,9672
772,9805957927,SPARK PLUG U22FER9,S,9,21000,17,5,A20145,16926
773,9805958826,SPARK PLUG U24ESR-N,S,3,13000,17,5,A20146,10140
774,9806786871,SPARK PLUG U20EPR9,S,8,13000,17,5,A20147,10140
775,9806786881,SPARK PLUG CPR6EA9,S,44,13000,17,5,A20148,10140
776,9806958921,SPARK PLUG X24EPU9,S,3,12000,17,5,A20149,9672
777,9820041501,9820041500,S,5,3000,17,5,A10137,2340
778,9820042000,FUSE F20A (MINI),S,9,5000,17,5,A20456,3900
779,9820042500,"FUSE, MINI(25A)",S,6,2000,17,5,A10142,1560
780,ACG10GR,AHM CVT GREASE 10 GR,S,15,11000,17,5,A10365,8580
781,ACL70ML,AHM CHAIN LUBE 70 ML,S,28,18000,17,5,A3033,14040
782,AHB6302RS,BEARING BALL (SET),S,1,53000,17,5,,41730
783,AHB6322,BEARING BALL (SET),S,3,148000,17,5,A10118,115440
784,AHB6501RS,BEARING BALL (SET),S,9,42000,17,5,A20416,32760
785,AHBL0001001,HONDA BALACLAVA,A,2,110000,17,5,,85800
786,AHGL0101008,HRR DAILY GLOVE,A,1,135000,17,5,,105300
787,AHGL0102008,HRR DAILY GLOVE RED,A,2,135000,17,5,,105300
788,AHGL0201008,HRR DAILY GLOVE,A,2,135000,17,5,,105300
789,AHGL0202008,HRR DAILY GLOVE RED,A,1,135000,17,5,,105300
790,AHJK0101005,BEAT SUEDE HOODIE - L,A,1,350000,17,5,,273000
791,AHJK0101011,HRR TOURING JACKET,A,1,550000,17,5,,429000
792,AHJK0201008,Honda Leather Jacket - L,A,1,310000,17,5,,241800
793,AHJK0201011,HRR TOURING JACKET,A,1,550000,17,5,,429000
794,AHJK0201015,HONDA CLASSIC JACKET,A,1,335000,17,5,,261300
795,AHJK0301013,Honda Touring Jacket,A,1,355000,17,5,,276900
796,AHJP0001002,VARIO 125 JUMPER,A,3,270000,17,5,,210600
797,AHJP0101002,VARIO 125 JUMPER,A,3,270000,17,5,,210600
798,AHK00101011,HRC SHIRT NAVY BLUE -,A,1,154000,17,5,,120120
799,AHK00301011,HRC SHIRT NAVY BLUE -,A,1,154000,17,5,,120120
800,AHPS0002007,CBR 250 POLO SHIRT W-,A,2,115000,17,5,,89700
801,AHPS0102007,CBR 250 POLO SHIRT W-,A,2,115000,17,5,,89700
802,AHPS0102008,VARIO GR POLO SHIRT,A,1,150000,17,5,,117000
803,AHPT0001003,KNEE PROTECTOR,A,1,625000,17,5,,487500
804,AHTP0001010,GTR Cap,A,1,85000,17,5,,66300
805,AHTP0001012,HONDA CRF SNAPBACK,A,1,100000,17,5,,78000
806,AHTS0001030,Sporty Red T-Shirt (S),A,1,110000,17,5,,85800
807,AHTS0001031,Sporty Stripe T-Shirt (S),A,1,110000,17,5,,85800
808,AHTS0001034,STREET BLACK T-SHIRT,A,1,110000,17,5,,85800
809,AHTS0002014,CB150R T-SHIRT BLACK,A,4,100000,17,5,,78000
810,AHTS0003015,VARIO RTP T-SHIRT,A,1,108000,17,5,,84240
811,AHTS0003021,BEAT BL PIXEL T-SHIRT,A,2,110000,17,5,,85800
812,AHTS0101018,Sonic Grey T-Shirt-M,A,1,80000,17,5,,62400
813,AHTS0101021,BEAT COMIC T-SHIRT,A,2,110000,17,5,,85800
814,AHTS0101024,GTR Navy T-Shirt (M),A,1,110000,17,5,,85800
815,AHTS0101025,GTR Black T-Shirt (M),A,1,110000,17,5,,85800
816,AHTS0101030,Sporty Red T-Shirt (M),A,1,110000,17,5,,85800
817,AHTS0101031,Sporty Stripe T-Shirt (M),A,1,110000,17,5,,85800
818,AHTS0101034,STREET BLACK T-SHIRT,A,1,110000,17,5,,85800
819,AHTS0102018,Sonic Blue T-Shirt-M,A,1,80000,17,5,,62400
820,AHTS0102021,BEAT WH PIXEL T-SHIRT,A,2,110000,17,5,,85800
821,AHTS0103021,BEAT BL PIXEL T-SHIRT,A,2,110000,17,5,,85800
822,AHTS0201018,Sonic Grey T-Shirt-L,A,1,80000,17,5,,62400
823,AHTS0201022,CBR Headlight T-Shirt -,A,1,110000,17,5,,85800
824,AHTS0201026,GTR Long Sleeve T-Shirt,A,1,125000,17,5,,97500
825,AHTS0201030,Sporty Red T-Shirt (L),A,1,110000,17,5,,85800
826,AHTS0201031,Sporty Stripe T-Shirt (L),A,1,110000,17,5,,85800
827,AHTS0202021,BEAT WH PIXEL T-SHIRT,A,1,110000,17,5,,85800
828,AHTS0301030,SPORTY RED T-SHIRT W,A,1,110000,17,5,,85800
829,AHTS0301031,SPORTY STRIPE T-SHIRT,A,1,110000,17,5,,85800
830,AHTS0401030,Sporty Red T-Shirt W - M,A,1,110000,17,5,,85800
831,AHTS0401031,Sporty Stripe T-Shirt W -,A,1,110000,17,5,,85800
832,ALF6201RS,BEARING BALL (SET),S,2,39000,17,5,A20133,30420
833,ALF6301RS,BEARING BALL (SET),S,6,47000,17,5,A20314,37050
834,HB6202,"BEARING,BALL",S,3,17000,17,5,A10131,13260
835,HB6203RS,"BEARING,BALL",S,1,25000,17,5,A20132,19500
836,HB6301RS,"BEARING,BALL",S,8,24000,17,5,,18720
837,HB6304,"BEARING,BALL",S,12,31000,17,5,A20131,24180
838,HBF50ML,"BRAKE,FLUID",S,13,6000,17,5,A20229,5070
839,HGB5GR,MASTER CYL & CLPR,S,4,13000,17,5,A10114,10140
840,HIC60ML,HONDA INJECTOR,S,1,25000,17,5,,19500
841,HPC480ML,HONDA PARTS CLEANER,S,1,35000,17,5,,27300
842,LF6201,BEARING RADIAL BALL,S,6,18000,17,5,A20133,14040
843,LF6203RS,BRG BALL RADIAL,S,5,25000,17,5,A20132,19500
844,LF6204,BEARING RADIAL BALL,S,5,32000,17,5,A20136,24960
845,LF6301,BEARING RADIAL BALL,S,4,21000,17,5,A20135,16380
846,LF6302RS,BEARING RADIAL BALL,S,5,36000,17,5,A20134,28470
847,SS8175ML,OIL SHOCK,S,18,25000,17,5,A30221,19734
